µçÓ°Ãû³Æ	µçÓ°Á´½Ó	ÉÏÓ³Ê±¼ä	ÉÏÓ³µØÇø	
´ó»¤·¨	http://www.manmankan.com/dy2013/201704/9766.shtml	»¹ÓĞ	Ï²¾ç	
?ÖĞ¹úÒ©Éñ|Ó¡¶ÈÒ©ÉÌ(Ó¡¶ÈÒ©Éñ)	http://www.manmankan.com/dy2013/201701/9048.shtml	2018Äê	Ï²¾ç	
?Óë¾ıÏàÁµ100´Î	http://www.manmankan.com/dy2013/201704/9854.shtml	2017Äê7ÔÂ6ÈÕ	ÈÕ±¾	
?ÄÇÒ»³¡ºôĞ¥¶ø¹ıµÄÇà´º	http://www.manmankan.com/dy2013/201702/9153.shtml	2017Äê8ÔÂ25ÈÕ	´óÂ½	
?ÎÒ²»×ö´ó¸çºÃ¶àÄê	http://www.manmankan.com/dy2013/201706/10134.shtml	2017Äê6ÔÂ	¶¯×÷	
?ÈıÖ»Ğ¡Öí2	http://www.manmankan.com/dy2013/201704/9875.shtml	ÕıÔÚÈÈÓ³	Ï²¾ç	
?µÚÊ®¶şÃë	http://www.manmankan.com/dy2013/201706/10095.shtml	2018Äê	´óÂ½	
?Ğ£»¨¸ô±ÚµÄÁ÷´¨·ã	http://www.manmankan.com/dy2013/201705/10052.shtml	2017Äê5ÔÂ31ÈÕ	´óÂ½	
?Ğ¡ÇéÊé	http://www.manmankan.com/dy2013/201702/9187.shtml	2017Äê5ÔÂ19ÈÕ	°®Çé	
?µ±¹ÖÎïÀ´ÇÃÃÅ	http://www.manmankan.com/dy2013/201704/9768.shtml	2017Äê5ÔÂ19ÈÕ	ÃÀ¹ú	
?±ùÖ®ÏÂ	http://www.manmankan.com/dy2013/201509/3455.shtml	2017Äê	Ï²¾ç	
?ÉñÆæÅ®ÏÀ	http://www.manmankan.com/dy2013/201508/2765.shtml	2017Äê6ÔÂ2ÈÕ	ÃÀ¹ú	
?¶ßÀ²AÃÎ:´óĞÛµÄÄÏ¼«±ùÌìÑ©µØ´óÃ°ÏÕ	http://www.manmankan.com/dy2013/201612/8558.shtml	ÕıÔÚÈÈÓ³	Ï²¾ç	
?ĞÂÄ¾ÄËÒÁ	http://www.manmankan.com/dy2013/201511/4087.shtml	2017Äê6ÔÂ9ÈÕ	¶¯×÷	
?¼ÓÀÕ±Èº£µÁ5ËÀÎŞ¶ÔÖ¤	http://www.manmankan.com/dy2013/201504/2117.shtml	2017Äê5ÔÂ26ÈÕ	Ææ»Ã	
?ÖĞ¹úÍÆÏúÔ±	http://www.manmankan.com/dy2013/201507/2707.shtml	2017Äê6ÔÂ16ÈÕ	¾çÇé	
?Ë¤õÓ°É°Ö°Ö	http://www.manmankan.com/dy2013/201705/10001.shtml	2017Äê5ÔÂ5ÈÕ	Ï²¾ç	
?Ô­ÁÂËû77´Î	http://www.manmankan.com/dy2013/201608/7282.shtml	2017Äê6ÔÂ23ÈÕ	Ïã¸Û	
?±äĞÎ½ğ¸Õ5×îºóµÄÆïÊ¿	http://www.manmankan.com/dy2013/201605/6035.shtml	2017Äê6ÔÂ23ÈÕ	¶¯×÷	
?±äĞÎ½ğ¸Õ5Ê¤ÀûµÄ¶éÂä	http://www.manmankan.com/dy2013/201507/2620.shtml	2017Äê6ÔÂ23ÈÕ	¶¯×÷	
?ÒìĞÎ:ÆõÔ¼	http://www.manmankan.com/dy2013/201602/4976.shtml	ÕıÔÚÈÈÓ³	¾ªã¤	
?·öÒ¡»Êºó	http://www.manmankan.com/dy2013/201603/5174.shtml	2016Äê	´óÂ½	
?±äĞÎ½ğ¸Õ5	http://www.manmankan.com/dy2013/201706/10302.shtml	2017Äê6ÔÂ23ÈÕ	¶¯×÷	
?ÃØ¹û	http://www.manmankan.com/dy2013/201510/3706.shtml	2017Äê7ÔÂ7ÈÕ	°®Çé	
"?""»¨Ä¾À¼"	"ÎÒÔÚÅ¦Ô¼µÈÄã"""	http://www.manmankan.com/dy2013/201606/6404.shtml	2017Äê8ÔÂ25ÈÕ	°®Çé
?Ó¢Â×¶Ô¾ö	http://www.manmankan.com/dy2013/201602/4956.shtml	2017Äê9ÔÂ30ÈÕ	Ïã¸Û	
?·ìÈÒ»úÀÖ¶Ó	http://www.manmankan.com/dy2013/201701/8975.shtml	2017Äê9ÔÂ30ÈÕ	´óÂ½	
?ºûµû¹«Ä¹	http://www.manmankan.com/dy2013/201509/3075.shtml	2017Äê8ÔÂ28ÈÕ	¾ªã¤	
?Âü¹ş¶Ù°®Çé¹ÊÊÂ	http://www.manmankan.com/dy2013/201706/10298.shtml	2018Äê	Ï²¾ç	
?ÇéÓöÂü¹ş¶Ù	http://www.manmankan.com/dy2013/201508/2767.shtml	2017Äê8ÔÂ25ÈÕ	´óÂ½	
?ÈıÉúÈıÊÀÊ®ÀïÌÒ»¨	http://www.manmankan.com/dy2013/201409/1453.shtml	2017Äê8ÔÂ4ÈÕ	°®Çé	
?·´×ªÈËÉú	http://www.manmankan.com/dy2013/201602/4771.shtml	2017Äê6ÔÂ30ÈÕ	´óÂ½	
?ÄæÊ±Óª¾È(ÖÂÃüµ¹Êı)	http://www.manmankan.com/dy2013/201512/4248.shtml	2017Äê6ÔÂ30ÈÕ	¶¯×÷	
"?""52ºÕ×È"	"ÎÒ°®Äã"""	http://www.manmankan.com/dy2013/201706/10108.shtml	ÕıÔÚÈÈÓ³	Ï²¾ç
?Å®ÈËÓÀÔ¶ÊÇ¶ÔµÄ	http://www.manmankan.com/dy2013/201705/10062.shtml	2017Äê6ÔÂ16ÈÕ	Ïã¸Û	
?ÁùÈËÍí²Í	http://www.manmankan.com/dy2013/201504/2025.shtml	2017Äê6ÔÂ16ÈÕ	´óÂ½	
?ÀîÀ×ºÍº«Ã·Ã·	http://www.manmankan.com/dy2013/201606/6579.shtml	2017Äê6ÔÂ9ÈÕ	Ï²¾ç	
?×ªĞÍÍÅ»ï	http://www.manmankan.com/dy2013/201608/7267.shtml	2017Äê8ÔÂ25ÈÕ	Ïã¸Û	
?Òı±¬Õß	http://www.manmankan.com/dy2013/201612/8873.shtml	2017Äê8ÔÂ25ÈÕ	´óÂ½	
?ÏÀµÁÁªÃË	http://www.manmankan.com/dy2013/201609/7472.shtml	2017Äê8ÔÂ11ÈÕ	°®Çé	
?¾ü½¢µº	http://www.manmankan.com/dy2013/201603/5121.shtml	2017Äê7ÔÂ26ÈÕ	Õ½Õù	
?ÍæÅ¼Ææ±ø	http://www.manmankan.com/dy2013/201705/9926.shtml	»¹ÓĞ	Ï²¾ç	
?¸¸×ÓĞÛ±ø	http://www.manmankan.com/dy2013/201610/8145.shtml	2017Äê7ÔÂ21ÈÕ	´óÂ½	
?D+¹ÖÒ½	http://www.manmankan.com/dy2013/201705/9934.shtml	2017Äê4ÔÂ18ÈÕ	Ï²¾ç	
?Îò¿Õ´«	http://www.manmankan.com/dy2013/201508/3037.shtml	2017Äê7ÔÂ13ÈÕ	´óÂ½	
?Ö©ÖëÏÀ:Ó¢ĞÛ¹éÀ´	http://www.manmankan.com/dy2013/201508/2812.shtml	2017Äê7ÔÂ7ÈÕ	ÃÀ¹ú	
?Ã÷ÔÂ¼¸Ê±ÓĞ	http://www.manmankan.com/dy2013/201601/4541.shtml	2017Äê7ÔÂ1ÈÕ	´óÂ½	
?ÃÀºÃµÄÒâÍâ	http://www.manmankan.com/dy2013/201603/5353.shtml	2017Äê6ÔÂ2ÈÕ	Ï²¾ç	
?Ë®ä°¿ÍÕ»	http://www.manmankan.com/dy2013/201706/10288.shtml	2017Äê	Ï²¾ç	
?Êóµ¨Ó¢ĞÛ	http://www.manmankan.com/dy2013/201706/10286.shtml	2018Äê	´óÂ½	
?·Ç³£Í¬»ï	http://www.manmankan.com/dy2013/201510/3482.shtml	2016Äê	Ï²¾ç	
?ÉÁ¹âÉÙÅ®	http://www.manmankan.com/dy2013/201606/6580.shtml	2017Äê7ÔÂ28ÈÕ	Çà´º	
?ÎªÇà´ºµãÔŞ	http://www.manmankan.com/dy2013/201507/2610.shtml	2017Äê6ÔÂ23ÈÕ	Ï²¾ç	
?ÁÔÊŞÉÙÅ®¶Ó	http://www.manmankan.com/dy2013/201706/10126.shtml	ÕıÔÚÈÈÓ³	Ï²¾ç	
?·¼»ª	http://www.manmankan.com/dy2013/201608/7380.shtml	2017Äê10ÔÂ1ÈÕ	´óÂ½	
?³£ÔÚÄã×óÓÒ	http://www.manmankan.com/dy2013/201701/9084.shtml	2017Äê10ÔÂ31ÈÕ	¶¯×÷	
?µ´¿Ü·çÔÆ	http://www.manmankan.com/dy2013/201509/3184.shtml	2017Äê5ÔÂ27ÈÕ	´óÂ½	
?ÎÒÃÇÍ£Õ½°É	http://www.manmankan.com/dy2013/201705/10061.shtml	2017Äê6ÔÂ16ÈÕ	Ïã¸Û	
?ÈÈÑª¸ßĞ£Ö®ÇàºÌÄĞ¸ß	http://www.manmankan.com/dy2013/201605/5913.shtml	2017Äê7ÔÂ13ÈÕ	Ï²¾ç	
?¿ñÊŞ	http://www.manmankan.com/dy2013/201603/5273.shtml	2017Äê9ÔÂ15ÈÕ	¶¯×÷	
?Õ½Éñ¼Í(ÌúÄ¾Õæ´«Ëµ)	http://www.manmankan.com/dy2013/201512/4302.shtml	2017Äê12ÔÂ22ÈÕ	¿Æ»Ã	
?ÎÒÊÇÂí²¼Àï(Å¦Ô¼ÈËÔÚ±±¾©)	http://www.manmankan.com/dy2013/201604/5697.shtml	2017Äê8ÔÂ11ÈÕ	¾çÇé	
?Èü³µ×Ü¶¯Ô±3:¼«ËÙÌôÕ½	http://www.manmankan.com/dy2013/201509/3213.shtml	2017Äê6ÔÂ16ÈÕ	ÃÀ¹ú	
?ÖĞ¹úÓÎ¼Ç:ÌúÃæÈËÖ®ÃÕ	http://www.manmankan.com/dy2013/201603/5289.shtml	2016Äê	¾ªã¤	
?·èÔÀÇË¼ÑÈË	http://www.manmankan.com/dy2013/201607/6752.shtml	2017Äê2ÔÂ14ÈÕ	Ï²¾ç	
?´óÇå¼«Æ·¶ÄÏÉ	http://www.manmankan.com/dy2013/201706/10270.shtml	»¹ÓĞ	Ï²¾ç	
?Ê®°ËËê¸øÎÒÒ»¸ö¹ÃÄï	http://www.manmankan.com/dy2013/201608/7135.shtml	2017Äê	´óÂ½	
?Ë­ÊÇÇòÍõ	http://www.manmankan.com/dy2013/201609/7507.shtml	2017Äê8ÔÂ3ÈÕ	´óÂ½	
?¾©³Ç81ºÅ2	http://www.manmankan.com/dy2013/201509/3125.shtml	2017Äê7ÔÂ6ÈÕ	´óÂ½	
?ÉîÒ¹Ê³ÌÃ2	http://www.manmankan.com/dy2013/201605/6071.shtml	2017Äê7ÔÂ18ÈÕ	Ï²¾ç	
?¶ş´Î³õÁµ	http://www.manmankan.com/dy2013/201706/10239.shtml	2017Äê8ÔÂ25ÈÕ	´óÂ½	
?öŞÖé´«	http://www.manmankan.com/dy2013/201503/1938.shtml	2017Äê	°®Çé	
?½¨¾ü´óÒµ	http://www.manmankan.com/dy2013/201512/4303.shtml	2017Äê7ÔÂ28ÈÕ	´óÂ½	
?ÃÔÊ§Z³Ç	http://www.manmankan.com/dy2013/201610/7999.shtml	2017Äê6ÔÂ2ÈÕ	ÃÀ¹ú	
?ÂéÀ±Ñ§Ôº	http://www.manmankan.com/dy2013/201705/9930.shtml	2017Äê6ÔÂ9ÈÕ	´óÂ½	
?ÓĞÑÔÔÚÏÉ	http://www.manmankan.com/dy2013/201706/10178.shtml	2018Äê	Ï²¾ç	
?Ê®ÆßËêµÄÓê¼¾	http://www.manmankan.com/dy2013/201605/6067.shtml	2016Äê	´óÂ½	
?Ğå´ºµ¶?ĞŞÂŞÕ½³¡	http://www.manmankan.com/dy2013/201509/3120.shtml	2017Äê8ÔÂ11ÈÕ	¶¯×÷	
?³Ô³ÔµÄ°®	http://www.manmankan.com/dy2013/201510/3605.shtml	2017Äê5ÔÂ27ÈÕ	Ï²¾ç	
?ÎÒÊÇÄãÂè	http://www.manmankan.com/dy2013/201706/10162.shtml	2017Äê	´óÂ½	
?ÁÙÊ±ÑİÔ±	http://www.manmankan.com/dy2013/201506/2413.shtml	2017Äê5ÔÂ27ÈÕ	Ï²¾ç	
?¼©Ç¹	http://www.manmankan.com/dy2013/201603/5164.shtml	2017Äê6ÔÂ23ÈÕ	¶¯×÷	
?ÏÄÌìÊ®¾ÅËêµÄĞ¤Ïñ	http://www.manmankan.com/dy2013/201512/4143.shtml	2017Äê5ÔÂ27ÈÕ	°®Çé	
?ÁúÖ®Õ½	http://www.manmankan.com/dy2013/201706/10133.shtml	2017Äê8ÔÂ4ÈÕ	´óÂ½	
?´óÎ²öÔ÷©2	http://www.manmankan.com/dy2013/201601/4664.shtml	2016Äê2ÔÂ5ÈÕ	¶¯×÷	
?ĞÄÀí×ï»­Ïñ	http://www.manmankan.com/dy2013/201604/5775.shtml	2017Äê8ÔÂ11ÈÕ	·¸×ï	
?»¶Ó­À´µ½ĞÜÈÊÕò	http://www.manmankan.com/dy2013/201706/10127.shtml	2018Äê	Ï²¾ç	
?Çà´º¶º(ÎÒµÄÇà´ºÎÒµãÔŞ)	http://www.manmankan.com/dy2013/201509/3312.shtml	2017Äê6ÔÂ23ÈÕ	Ï²¾ç	
?½âÓÇÔÓ»õµê	http://www.manmankan.com/dy2013/201510/3808.shtml	2017Äê	Â×Àí	
?ÏÉ½£ÎÊÇé	http://www.manmankan.com/dy2013/201706/10121.shtml	2018Äê	´óÂ½	
?ÉñÆæÅ®ÏÀ2	http://www.manmankan.com/dy2013/201706/10118.shtml	2020Äê	¶¯×÷	
?¼ûÏ°°®Éñ	http://www.manmankan.com/dy2013/201610/7998.shtml	2017Äê6ÔÂ	°®Çé	
?¼«µÁ³µÉñ	http://www.manmankan.com/dy2013/201706/10102.shtml	2017Äê6ÔÂ28ÈÕ	¶¯×÷	
?³¬¼¶ÍõÒ¯	http://www.manmankan.com/dy2013/201703/9506.shtml	2017Äê4ÔÂ2ÈÕ	Ï²¾ç	
?ÅÁ¶¡¶ÙĞÜ2	http://www.manmankan.com/dy2013/201511/3976.shtml	2018Äê1ÔÂ12ÈÕ	Ó¢¹ú	
?ĞÄÀí×ïÖ®³ÇÊĞÖ®¹â	http://www.manmankan.com/dy2013/201606/6202.shtml	2017Äê9ÔÂ30ÈÕ	¾ªã¤	
?ÎÒÃÇµÄÉÙÄêÊ±´ú	http://www.manmankan.com/dy2013/201706/10092.shtml	2018Äê	´óÂ½	
?Çà´ºÈÈÖ®¶ñÄ§ÈíÃÃ°ï	http://www.manmankan.com/dy2013/201706/10089.shtml	2017Äê6ÔÂ10ÈÕ	Ï²¾ç	
?ÍŞÍŞÀÏ°å2	http://www.manmankan.com/dy2013/201706/10088.shtml	2021Äê3ÔÂ26ÈÕ	Ï²¾ç	
?¾øÊÀ¸ßÊÖ	http://www.manmankan.com/dy2013/201610/8073.shtml	2017Äê7ÔÂ7ÈÕ	´óÂ½	
ï»¿ç”µå½±åç§°,ç”µå½±é“¾æ¥,ä¸Šæ˜ æ—¶é—´,ä¸Šæ˜ åœ°åŒº
å¤§æŠ¤æ³•,http://www.manmankan.com/dy2013/201704/9766.shtml,è¿˜æœ‰,å–œå‰§
ï»¿ä¸­å›½è¯ç¥|å°åº¦è¯å•†(å°åº¦è¯ç¥),http://www.manmankan.com/dy2013/201701/9048.shtml,2018å¹´,å–œå‰§
ï»¿ä¸å›ç›¸æ‹100æ¬¡,http://www.manmankan.com/dy2013/201704/9854.shtml,2017å¹´7æœˆ6æ—¥ ,æ—¥æœ¬
ï»¿é‚£ä¸€åœºå‘¼å•¸è€Œè¿‡çš„é’æ˜¥,http://www.manmankan.com/dy2013/201702/9153.shtml,2017å¹´8æœˆ25æ—¥ ,å¤§é™†
ï»¿æˆ‘ä¸åšå¤§å“¥å¥½å¤šå¹´,http://www.manmankan.com/dy2013/201706/10134.shtml,2017å¹´06æœˆ,åŠ¨ä½œ
ï»¿ä¸‰åªå°çŒª2,http://www.manmankan.com/dy2013/201704/9875.shtml,æ­£åœ¨çƒ­æ˜ ,å–œå‰§
ï»¿ç¬¬åäºŒç§’,http://www.manmankan.com/dy2013/201706/10095.shtml,2018å¹´,å¤§é™†
ï»¿æ ¡èŠ±éš”å£çš„æµå·æ«,http://www.manmankan.com/dy2013/201705/10052.shtml,2017å¹´5æœˆ31æ—¥ ,å¤§é™†
ï»¿å°æƒ…ä¹¦,http://www.manmankan.com/dy2013/201702/9187.shtml,2017å¹´5æœˆ19æ—¥ ,çˆ±æƒ…
ï»¿å½“æ€ªç‰©æ¥æ•²é—¨,http://www.manmankan.com/dy2013/201704/9768.shtml,2017å¹´5æœˆ19æ—¥ ,ç¾å›½
ï»¿æ³¡èŠ™å°å§,http://www.manmankan.com/dy2013/201609/7597.shtml,2017å¹´8æœˆ28æ—¥ ,å–œå‰§
ï»¿æ–°æœ¨ä¹ƒä¼Š,http://www.manmankan.com/dy2013/201511/4087.shtml,2017å¹´6æœˆ9æ—¥ ,åŠ¨ä½œ
ï»¿å˜å½¢é‡‘åˆš5èƒœåˆ©çš„å •è½,http://www.manmankan.com/dy2013/201507/2620.shtml,2017å¹´6æœˆ23æ—¥ ,åŠ¨ä½œ
ï»¿å˜å½¢é‡‘åˆš5æœ€åçš„éª‘å£«,http://www.manmankan.com/dy2013/201605/6035.shtml,2017å¹´6æœˆ23æ—¥ ,åŠ¨ä½œ
ï»¿åŸè°…ä»–77æ¬¡,http://www.manmankan.com/dy2013/201608/7282.shtml,2017å¹´6æœˆ23æ—¥ ,é¦™æ¸¯
ï»¿æ‘”è·¤å§çˆ¸çˆ¸,http://www.manmankan.com/dy2013/201705/10001.shtml,2017å¹´5æœˆ5æ—¥ ,å–œå‰§
ï»¿ç¥å¥‡å¥³ä¾ ,http://www.manmankan.com/dy2013/201508/2765.shtml,2017å¹´6æœˆ2æ—¥ ,ç¾å›½
ï»¿å¼‚å½¢:å¥‘çº¦,http://www.manmankan.com/dy2013/201602/4976.shtml,æ­£åœ¨çƒ­æ˜ ,æƒŠæ‚š
ï»¿ä»™çƒå¤§æˆ˜,http://www.manmankan.com/dy2013/201612/8736.shtml,2017å¹´6æœˆ30æ—¥ ,å¤§é™†
ï»¿åè½¬äººç”Ÿ,http://www.manmankan.com/dy2013/201602/4771.shtml,2017å¹´6æœˆ30æ—¥ ,å¤§é™†
ï»¿é€†æ—¶è¥æ•‘(è‡´å‘½å€’æ•°),http://www.manmankan.com/dy2013/201512/4248.shtml,2017å¹´6æœˆ30æ—¥ ,åŠ¨ä½œ
ï»¿ç»ä¸–é«˜æ‰‹,http://www.manmankan.com/dy2013/201610/8073.shtml,2017å¹´7æœˆ7æ—¥ ,å¤§é™†
ï»¿é²›ç ä¼ ,http://www.manmankan.com/dy2013/201503/1938.shtml,2017å¹´8æœˆ11æ—¥ ,çˆ±æƒ…
ï»¿ç§˜æœ,http://www.manmankan.com/dy2013/201510/3706.shtml,2017å¹´7æœˆ7æ—¥ ,çˆ±æƒ…
ï»¿æ‚Ÿç©ºä¼ ,http://www.manmankan.com/dy2013/201508/3037.shtml,2017å¹´7æœˆ13æ—¥ ,å¤§é™†
ï»¿ç»£æ˜¥åˆ€ãƒ»ä¿®ç½—æˆ˜åœº,http://www.manmankan.com/dy2013/201509/3120.shtml,2017å¹´8æœˆ11æ—¥ ,åŠ¨ä½œ
ï»¿å“†å•¦Aæ¢¦:å¤§é›„çš„å—æå†°å¤©é›ªåœ°å¤§å†’é™©,http://www.manmankan.com/dy2013/201612/8558.shtml,2017å¹´5æœˆ30æ—¥ ,æ—¥æœ¬
ï»¿æç›—è½¦ç¥,http://www.manmankan.com/dy2013/201706/10102.shtml,2017å¹´6æœˆ28æ—¥ ,åŠ¨ä½œ
ï»¿èœ˜è››ä¾ :è‹±é›„å½’æ¥,http://www.manmankan.com/dy2013/201508/2812.shtml,2017å¹´7æœˆ7æ—¥ ,ç¾å›½
ï»¿åŠ å‹’æ¯”æµ·ç›—5æ­»æ— å¯¹è¯,http://www.manmankan.com/dy2013/201504/2117.shtml,2017å¹´5æœˆ26æ—¥ ,å¥‡å¹»
ï»¿é’æ˜¥é€—(ä¸ºé’æ˜¥ç‚¹èµ|æˆ‘çš„é’æ˜¥æˆ‘ç‚¹èµ),http://www.manmankan.com/dy2013/201507/2610.shtml,2017å¹´6æœˆ23æ—¥ ,å–œå‰§
ï»¿é’æ˜¥é€—,http://www.manmankan.com/dy2013/201509/3312.shtml,2017å¹´6æœˆ23æ—¥ ,å–œå‰§
ï»¿çƒ­è¡€é«˜æ ¡ä¹‹é’ç¦¾ç”·é«˜,http://www.manmankan.com/dy2013/201605/5913.shtml,2017å¹´7æœˆ13æ—¥ ,å–œå‰§
ï»¿å†°ä¹‹ä¸‹,http://www.manmankan.com/dy2013/201509/3455.shtml,2017å¹´,å–œå‰§
ï»¿ä¸­å›½æ¨é”€å‘˜,http://www.manmankan.com/dy2013/201507/2707.shtml,2017å¹´6æœˆ16æ—¥ ,å‰§æƒ…
ï»¿æ‰¶æ‘‡çš‡å,http://www.manmankan.com/dy2013/201603/5174.shtml,2016å¹´,å¤§é™†
ï»¿å˜å½¢é‡‘åˆš5,http://www.manmankan.com/dy2013/201706/10302.shtml,2017å¹´6æœˆ23æ—¥ ,åŠ¨ä½œ
ï»¿"èŠ±æœ¨å…°,æˆ‘åœ¨çº½çº¦ç­‰ä½ ",http://www.manmankan.com/dy2013/201606/6404.shtml,2017å¹´8æœˆ25æ—¥ ,çˆ±æƒ…
ï»¿è‹±ä¼¦å¯¹å†³,http://www.manmankan.com/dy2013/201602/4956.shtml,2017å¹´9æœˆ30æ—¥ ,é¦™æ¸¯
ï»¿ç¼çº«æœºä¹é˜Ÿ,http://www.manmankan.com/dy2013/201701/8975.shtml,2017å¹´9æœˆ30æ—¥ ,å¤§é™†
ï»¿è´è¶å…¬å¢“,http://www.manmankan.com/dy2013/201509/3075.shtml,2017å¹´8æœˆ28æ—¥ ,æƒŠæ‚š
ï»¿æ›¼å“ˆé¡¿çˆ±æƒ…æ•…äº‹,http://www.manmankan.com/dy2013/201706/10298.shtml,2018å¹´,å–œå‰§
ï»¿æƒ…é‡æ›¼å“ˆé¡¿,http://www.manmankan.com/dy2013/201508/2767.shtml,2017å¹´8æœˆ25æ—¥ ,å¤§é™†
ï»¿ä¸‰ç”Ÿä¸‰ä¸–åé‡Œæ¡ƒèŠ±,http://www.manmankan.com/dy2013/201409/1453.shtml,2017å¹´8æœˆ4æ—¥ ,çˆ±æƒ…
ï»¿"52èµ«å…¹,æˆ‘çˆ±ä½ ",http://www.manmankan.com/dy2013/201706/10108.shtml,æ­£åœ¨çƒ­æ˜ ,å–œå‰§
ï»¿å¥³äººæ°¸è¿œæ˜¯å¯¹çš„,http://www.manmankan.com/dy2013/201705/10062.shtml,2017å¹´6æœˆ16æ—¥ ,é¦™æ¸¯
ï»¿å…­äººæ™šé¤,http://www.manmankan.com/dy2013/201504/2025.shtml,2017å¹´6æœˆ16æ—¥ ,å¤§é™†
ï»¿æé›·å’ŒéŸ©æ¢…æ¢…,http://www.manmankan.com/dy2013/201606/6579.shtml,2017å¹´6æœˆ9æ—¥ ,å–œå‰§
ï»¿è½¬å‹å›¢ä¼™,http://www.manmankan.com/dy2013/201608/7267.shtml,2017å¹´8æœˆ25æ—¥ ,é¦™æ¸¯
ï»¿å¼•çˆ†è€…,http://www.manmankan.com/dy2013/201612/8873.shtml,2017å¹´8æœˆ25æ—¥ ,å¤§é™†
ï»¿ä¾ ç›—è”ç›Ÿ,http://www.manmankan.com/dy2013/201609/7472.shtml,2017å¹´8æœˆ11æ—¥ ,çˆ±æƒ…
ï»¿å†›èˆ°å²›,http://www.manmankan.com/dy2013/201603/5121.shtml,2017å¹´7æœˆ26æ—¥ ,æˆ˜äº‰
ï»¿ç©å¶å¥‡å…µ,http://www.manmankan.com/dy2013/201705/9926.shtml,è¿˜æœ‰,å–œå‰§
ï»¿çˆ¶å­é›„å…µ,http://www.manmankan.com/dy2013/201610/8145.shtml,2017å¹´7æœˆ21æ—¥ ,å¤§é™†
ï»¿D+æ€ªåŒ»,http://www.manmankan.com/dy2013/201705/9934.shtml,2017å¹´4æœˆ18æ—¥ ,å–œå‰§
ï»¿æ˜æœˆå‡ æ—¶æœ‰,http://www.manmankan.com/dy2013/201601/4541.shtml,2017å¹´7æœˆ1æ—¥ ,å¤§é™†
ï»¿ç¾å¥½çš„æ„å¤–,http://www.manmankan.com/dy2013/201603/5353.shtml,2017å¹´6æœˆ2æ—¥ ,å–œå‰§
ï»¿æ°´æµ’å®¢æ ˆ,http://www.manmankan.com/dy2013/201706/10288.shtml,2017å¹´,å–œå‰§
ï»¿é¼ èƒ†è‹±é›„,http://www.manmankan.com/dy2013/201706/10286.shtml,2018å¹´,å¤§é™†
ï»¿éå¸¸åŒä¼™,http://www.manmankan.com/dy2013/201510/3482.shtml,2016å¹´,å–œå‰§
ï»¿é—ªå…‰å°‘å¥³,http://www.manmankan.com/dy2013/201606/6580.shtml,2017å¹´7æœˆ28æ—¥ ,é’æ˜¥
ï»¿çŒå…½å°‘å¥³é˜Ÿ,http://www.manmankan.com/dy2013/201706/10126.shtml,æ­£åœ¨çƒ­æ˜ ,å–œå‰§
ï»¿èŠ³å,http://www.manmankan.com/dy2013/201608/7380.shtml,2017å¹´10æœˆ1æ—¥ ,å¤§é™†
ï»¿å¸¸åœ¨ä½ å·¦å³,http://www.manmankan.com/dy2013/201701/9084.shtml,2017å¹´10æœˆ31æ—¥ ,åŠ¨ä½œ
ï»¿è¡å¯‡é£äº‘,http://www.manmankan.com/dy2013/201509/3184.shtml,2017å¹´5æœˆ27æ—¥ ,å¤§é™†
ï»¿æˆ‘ä»¬åœæˆ˜å§,http://www.manmankan.com/dy2013/201705/10061.shtml,2017å¹´6æœˆ16æ—¥ ,é¦™æ¸¯
ï»¿ç‹‚å…½,http://www.manmankan.com/dy2013/201603/5273.shtml,2017å¹´9æœˆ15æ—¥ ,åŠ¨ä½œ
ï»¿æˆ˜ç¥çºª(é“æœ¨çœŸä¼ è¯´),http://www.manmankan.com/dy2013/201512/4302.shtml,2017å¹´12æœˆ22æ—¥ ,ç§‘å¹»
ï»¿æˆ‘æ˜¯é©¬å¸ƒé‡Œ(çº½çº¦äººåœ¨åŒ—äº¬),http://www.manmankan.com/dy2013/201604/5697.shtml,2017å¹´8æœˆ11æ—¥ ,å‰§æƒ…
ï»¿èµ›è½¦æ€»åŠ¨å‘˜3:æé€ŸæŒ‘æˆ˜,http://www.manmankan.com/dy2013/201509/3213.shtml,2017å¹´6æœˆ16æ—¥ ,ç¾å›½
ï»¿ä¸­å›½æ¸¸è®°:é“é¢äººä¹‹è°œ,http://www.manmankan.com/dy2013/201603/5289.shtml,2016å¹´,æƒŠæ‚š
ï»¿ç–¯å²³æ’¬ä½³äºº,http://www.manmankan.com/dy2013/201607/6752.shtml,2017å¹´2æœˆ14æ—¥ ,å–œå‰§
ï»¿å¤§æ¸…æå“èµŒä»™,http://www.manmankan.com/dy2013/201706/10270.shtml,è¿˜æœ‰,å–œå‰§
ï»¿åå…«å²ç»™æˆ‘ä¸€ä¸ªå§‘å¨˜,http://www.manmankan.com/dy2013/201608/7135.shtml,2017å¹´,å¤§é™†
ï»¿è°æ˜¯çƒç‹,http://www.manmankan.com/dy2013/201609/7507.shtml,2017å¹´8æœˆ3æ—¥ ,å¤§é™†
ï»¿äº¬åŸ81å·2,http://www.manmankan.com/dy2013/201509/3125.shtml,2017å¹´7æœˆ6æ—¥ ,å¤§é™†
ï»¿æ·±å¤œé£Ÿå ‚2,http://www.manmankan.com/dy2013/201605/6071.shtml,2017å¹´7æœˆ18æ—¥ ,å–œå‰§
ï»¿äºŒæ¬¡åˆæ‹,http://www.manmankan.com/dy2013/201706/10239.shtml,2017å¹´8æœˆ25æ—¥ ,å¤§é™†
ï»¿å»ºå†›å¤§ä¸š,http://www.manmankan.com/dy2013/201512/4303.shtml,2017å¹´7æœˆ28æ—¥ ,å¤§é™†
ï»¿è¿·å¤±ZåŸ,http://www.manmankan.com/dy2013/201610/7999.shtml,2017å¹´6æœˆ2æ—¥ ,ç¾å›½
ï»¿éº»è¾£å­¦é™¢,http://www.manmankan.com/dy2013/201705/9930.shtml,2017å¹´6æœˆ9æ—¥ ,å¤§é™†
ï»¿æœ‰è¨€åœ¨ä»™,http://www.manmankan.com/dy2013/201706/10178.shtml,2018å¹´,å–œå‰§
ï»¿åä¸ƒå²çš„é›¨å­£,http://www.manmankan.com/dy2013/201605/6067.shtml,2016å¹´,å¤§é™†
ï»¿åƒåƒçš„çˆ±,http://www.manmankan.com/dy2013/201510/3605.shtml,2017å¹´5æœˆ27æ—¥ ,å–œå‰§
ï»¿æˆ‘æ˜¯ä½ å¦ˆ,http://www.manmankan.com/dy2013/201706/10162.shtml,2017å¹´,å¤§é™†
ï»¿ä¸´æ—¶æ¼”å‘˜,http://www.manmankan.com/dy2013/201506/2413.shtml,2017å¹´5æœˆ27æ—¥ ,å–œå‰§
ï»¿ç¼‰æª,http://www.manmankan.com/dy2013/201603/5164.shtml,2017å¹´6æœˆ23æ—¥ ,åŠ¨ä½œ
ï»¿å¤å¤©åä¹å²çš„è‚–åƒ,http://www.manmankan.com/dy2013/201512/4143.shtml,2017å¹´5æœˆ27æ—¥ ,çˆ±æƒ…
ï»¿é¾™ä¹‹æˆ˜,http://www.manmankan.com/dy2013/201706/10133.shtml,2017å¹´8æœˆ4æ—¥ ,å¤§é™†
ï»¿å¤§å°¾é²ˆé³—2,http://www.manmankan.com/dy2013/201601/4664.shtml,2016å¹´2æœˆ5æ—¥ ,åŠ¨ä½œ
ï»¿å¿ƒç†ç½ªç”»åƒ,http://www.manmankan.com/dy2013/201604/5775.shtml,2017å¹´8æœˆ11æ—¥ ,çŠ¯ç½ª
ï»¿æ¬¢è¿æ¥åˆ°ç†Šä»é•‡,http://www.manmankan.com/dy2013/201706/10127.shtml,2018å¹´,å–œå‰§
ï»¿è§£å¿§æ‚è´§åº—,http://www.manmankan.com/dy2013/201510/3808.shtml,2017å¹´,ä¼¦ç†
ï»¿ä»™å‰‘é—®æƒ…,http://www.manmankan.com/dy2013/201706/10121.shtml,2018å¹´,å¤§é™†
ï»¿ç¥å¥‡å¥³ä¾ 2,http://www.manmankan.com/dy2013/201706/10118.shtml,2020å¹´,åŠ¨ä½œ
ï»¿è§ä¹ çˆ±ç¥,http://www.manmankan.com/dy2013/201610/7998.shtml,2017å¹´06æœˆ,çˆ±æƒ…
ï»¿è¶…çº§ç‹çˆ·,http://www.manmankan.com/dy2013/201703/9506.shtml,2017å¹´4æœˆ2æ—¥ ,å–œå‰§
ï»¿å¸•ä¸é¡¿ç†Š2,http://www.manmankan.com/dy2013/201511/3976.shtml,2018å¹´1æœˆ12æ—¥ ,è‹±å›½
ï»¿å¿ƒç†ç½ªä¹‹åŸå¸‚ä¹‹å…‰,http://www.manmankan.com/dy2013/201606/6202.shtml,2017å¹´9æœˆ30æ—¥ ,æƒŠæ‚š
ï»¿æˆ‘ä»¬çš„å°‘å¹´æ—¶ä»£,http://www.manmankan.com/dy2013/201706/10092.shtml,2018å¹´,å¤§é™†
ï»¿ç”µå½±åç§°,ç”µå½±é“¾æ¥,ä¸Šæ˜ æ—¶é—´,ä¸Šæ˜ åœ°åŒº
å¤§æŠ¤æ³•,http://www.manmankan.com/dy2013/201704/9766.shtml,è¿˜æœ‰,å–œå‰§
ï»¿ä¸­å›½è¯ç¥|å°åº¦è¯å•†(å°åº¦è¯ç¥),http://www.manmankan.com/dy2013/201701/9048.shtml,2018å¹´,å–œå‰§
ï»¿ä¸å›ç›¸æ‹100æ¬¡,http://www.manmankan.com/dy2013/201704/9854.shtml,2017å¹´7æœˆ6æ—¥ ,æ—¥æœ¬
ï»¿é‚£ä¸€åœºå‘¼å•¸è€Œè¿‡çš„é’æ˜¥,http://www.manmankan.com/dy2013/201702/9153.shtml,2017å¹´8æœˆ25æ—¥ ,å¤§é™†
ï»¿æˆ‘ä¸åšå¤§å“¥å¥½å¤šå¹´,http://www.manmankan.com/dy2013/201706/10134.shtml,2017å¹´06æœˆ,åŠ¨ä½œ
ï»¿ä¸‰åªå°çŒª2,http://www.manmankan.com/dy2013/201704/9875.shtml,æ­£åœ¨çƒ­æ˜ ,å–œå‰§
ï»¿ç¬¬åäºŒç§’,http://www.manmankan.com/dy2013/201706/10095.shtml,2018å¹´,å¤§é™†
ï»¿æ ¡èŠ±éš”å£çš„æµå·æ«,http://www.manmankan.com/dy2013/201705/10052.shtml,2017å¹´5æœˆ31æ—¥ ,å¤§é™†
ï»¿å°æƒ…ä¹¦,http://www.manmankan.com/dy2013/201702/9187.shtml,2017å¹´5æœˆ19æ—¥ ,çˆ±æƒ…
ï»¿å½“æ€ªç‰©æ¥æ•²é—¨,http://www.manmankan.com/dy2013/201704/9768.shtml,2017å¹´5æœˆ19æ—¥ ,ç¾å›½
ï»¿æ³¡èŠ™å°å§,http://www.manmankan.com/dy2013/201609/7597.shtml,2017å¹´8æœˆ28æ—¥ ,å–œå‰§
ï»¿æ–°æœ¨ä¹ƒä¼Š,http://www.manmankan.com/dy2013/201511/4087.shtml,2017å¹´6æœˆ9æ—¥ ,åŠ¨ä½œ
ï»¿å˜å½¢é‡‘åˆš5èƒœåˆ©çš„å •è½,http://www.manmankan.com/dy2013/201507/2620.shtml,2017å¹´6æœˆ23æ—¥ ,åŠ¨ä½œ
ï»¿å˜å½¢é‡‘åˆš5æœ€åçš„éª‘å£«,http://www.manmankan.com/dy2013/201605/6035.shtml,2017å¹´6æœˆ23æ—¥ ,åŠ¨ä½œ
ï»¿åŸè°…ä»–77æ¬¡,http://www.manmankan.com/dy2013/201608/7282.shtml,2017å¹´6æœˆ23æ—¥ ,é¦™æ¸¯
ï»¿æ‘”è·¤å§çˆ¸çˆ¸,http://www.manmankan.com/dy2013/201705/10001.shtml,2017å¹´5æœˆ5æ—¥ ,å–œå‰§
ï»¿ç¥å¥‡å¥³ä¾ ,http://www.manmankan.com/dy2013/201508/2765.shtml,2017å¹´6æœˆ2æ—¥ ,ç¾å›½
ï»¿å¼‚å½¢:å¥‘çº¦,http://www.manmankan.com/dy2013/201602/4976.shtml,æ­£åœ¨çƒ­æ˜ ,æƒŠæ‚š
ï»¿ä»™çƒå¤§æˆ˜,http://www.manmankan.com/dy2013/201612/8736.shtml,2017å¹´6æœˆ30æ—¥ ,å¤§é™†
ï»¿åè½¬äººç”Ÿ,http://www.manmankan.com/dy2013/201602/4771.shtml,2017å¹´6æœˆ30æ—¥ ,å¤§é™†
ï»¿é€†æ—¶è¥æ•‘(è‡´å‘½å€’æ•°),http://www.manmankan.com/dy2013/201512/4248.shtml,2017å¹´6æœˆ30æ—¥ ,åŠ¨ä½œ
ï»¿ç»ä¸–é«˜æ‰‹,http://www.manmankan.com/dy2013/201610/8073.shtml,2017å¹´7æœˆ7æ—¥ ,å¤§é™†
ï»¿é²›ç ä¼ ,http://www.manmankan.com/dy2013/201503/1938.shtml,2017å¹´8æœˆ11æ—¥ ,çˆ±æƒ…
ï»¿ç§˜æœ,http://www.manmankan.com/dy2013/201510/3706.shtml,2017å¹´7æœˆ7æ—¥ ,çˆ±æƒ…
ï»¿æ‚Ÿç©ºä¼ ,http://www.manmankan.com/dy2013/201508/3037.shtml,2017å¹´7æœˆ13æ—¥ ,å¤§é™†
ï»¿ç»£æ˜¥åˆ€ãƒ»ä¿®ç½—æˆ˜åœº,http://www.manmankan.com/dy2013/201509/3120.shtml,2017å¹´8æœˆ11æ—¥ ,åŠ¨ä½œ
ï»¿å“†å•¦Aæ¢¦:å¤§é›„çš„å—æå†°å¤©é›ªåœ°å¤§å†’é™©,http://www.manmankan.com/dy2013/201612/8558.shtml,2017å¹´5æœˆ30æ—¥ ,æ—¥æœ¬
ï»¿æç›—è½¦ç¥,http://www.manmankan.com/dy2013/201706/10102.shtml,2017å¹´6æœˆ28æ—¥ ,åŠ¨ä½œ
ï»¿èœ˜è››ä¾ :è‹±é›„å½’æ¥,http://www.manmankan.com/dy2013/201508/2812.shtml,2017å¹´7æœˆ7æ—¥ ,ç¾å›½
ï»¿åŠ å‹’æ¯”æµ·ç›—5æ­»æ— å¯¹è¯,http://www.manmankan.com/dy2013/201504/2117.shtml,2017å¹´5æœˆ26æ—¥ ,å¥‡å¹»
ï»¿é’æ˜¥é€—(ä¸ºé’æ˜¥ç‚¹èµ|æˆ‘çš„é’æ˜¥æˆ‘ç‚¹èµ),http://www.manmankan.com/dy2013/201507/2610.shtml,2017å¹´6æœˆ23æ—¥ ,å–œå‰§
ï»¿é’æ˜¥é€—,http://www.manmankan.com/dy2013/201509/3312.shtml,2017å¹´6æœˆ23æ—¥ ,å–œå‰§
ï»¿çƒ­è¡€é«˜æ ¡ä¹‹é’ç¦¾ç”·é«˜,http://www.manmankan.com/dy2013/201605/5913.shtml,2017å¹´7æœˆ13æ—¥ ,å–œå‰§
ï»¿å†°ä¹‹ä¸‹,http://www.manmankan.com/dy2013/201509/3455.shtml,2017å¹´,å–œå‰§
ï»¿ä¸­å›½æ¨é”€å‘˜,http://www.manmankan.com/dy2013/201507/2707.shtml,2017å¹´6æœˆ16æ—¥ ,å‰§æƒ…
ï»¿æ‰¶æ‘‡çš‡å,http://www.manmankan.com/dy2013/201603/5174.shtml,2016å¹´,å¤§é™†
ï»¿å˜å½¢é‡‘åˆš5,http://www.manmankan.com/dy2013/201706/10302.shtml,2017å¹´6æœˆ23æ—¥ ,åŠ¨ä½œ
ï»¿"èŠ±æœ¨å…°,æˆ‘åœ¨çº½çº¦ç­‰ä½ ",http://www.manmankan.com/dy2013/201606/6404.shtml,2017å¹´8æœˆ25æ—¥ ,çˆ±æƒ…
ï»¿è‹±ä¼¦å¯¹å†³,http://www.manmankan.com/dy2013/201602/4956.shtml,2017å¹´9æœˆ30æ—¥ ,é¦™æ¸¯
ï»¿ç¼çº«æœºä¹é˜Ÿ,http://www.manmankan.com/dy2013/201701/8975.shtml,2017å¹´9æœˆ30æ—¥ ,å¤§é™†
ï»¿è´è¶å…¬å¢“,http://www.manmankan.com/dy2013/201509/3075.shtml,2017å¹´8æœˆ28æ—¥ ,æƒŠæ‚š
ï»¿æ›¼å“ˆé¡¿çˆ±æƒ…æ•…äº‹,http://www.manmankan.com/dy2013/201706/10298.shtml,2018å¹´,å–œå‰§
ï»¿æƒ…é‡æ›¼å“ˆé¡¿,http://www.manmankan.com/dy2013/201508/2767.shtml,2017å¹´8æœˆ25æ—¥ ,å¤§é™†
ï»¿ä¸‰ç”Ÿä¸‰ä¸–åé‡Œæ¡ƒèŠ±,http://www.manmankan.com/dy2013/201409/1453.shtml,2017å¹´8æœˆ4æ—¥ ,çˆ±æƒ…
ï»¿"52èµ«å…¹,æˆ‘çˆ±ä½ ",http://www.manmankan.com/dy2013/201706/10108.shtml,æ­£åœ¨çƒ­æ˜ ,å–œå‰§
ï»¿å¥³äººæ°¸è¿œæ˜¯å¯¹çš„,http://www.manmankan.com/dy2013/201705/10062.shtml,2017å¹´6æœˆ16æ—¥ ,é¦™æ¸¯
ï»¿å…­äººæ™šé¤,http://www.manmankan.com/dy2013/201504/2025.shtml,2017å¹´6æœˆ16æ—¥ ,å¤§é™†
ï»¿æé›·å’ŒéŸ©æ¢…æ¢…,http://www.manmankan.com/dy2013/201606/6579.shtml,2017å¹´6æœˆ9æ—¥ ,å–œå‰§
ï»¿è½¬å‹å›¢ä¼™,http://www.manmankan.com/dy2013/201608/7267.shtml,2017å¹´8æœˆ25æ—¥ ,é¦™æ¸¯
ï»¿å¼•çˆ†è€…,http://www.manmankan.com/dy2013/201612/8873.shtml,2017å¹´8æœˆ25æ—¥ ,å¤§é™†
ï»¿ä¾ ç›—è”ç›Ÿ,http://www.manmankan.com/dy2013/201609/7472.shtml,2017å¹´8æœˆ11æ—¥ ,çˆ±æƒ…
ï»¿å†›èˆ°å²›,http://www.manmankan.com/dy2013/201603/5121.shtml,2017å¹´7æœˆ26æ—¥ ,æˆ˜äº‰
ï»¿ç©å¶å¥‡å…µ,http://www.manmankan.com/dy2013/201705/9926.shtml,è¿˜æœ‰,å–œå‰§
ï»¿çˆ¶å­é›„å…µ,http://www.manmankan.com/dy2013/201610/8145.shtml,2017å¹´7æœˆ21æ—¥ ,å¤§é™†
ï»¿D+æ€ªåŒ»,http://www.manmankan.com/dy2013/201705/9934.shtml,2017å¹´4æœˆ18æ—¥ ,å–œå‰§
ï»¿æ˜æœˆå‡ æ—¶æœ‰,http://www.manmankan.com/dy2013/201601/4541.shtml,2017å¹´7æœˆ1æ—¥ ,å¤§é™†
ï»¿ç¾å¥½çš„æ„å¤–,http://www.manmankan.com/dy2013/201603/5353.shtml,2017å¹´6æœˆ2æ—¥ ,å–œå‰§
ï»¿æ°´æµ’å®¢æ ˆ,http://www.manmankan.com/dy2013/201706/10288.shtml,2017å¹´,å–œå‰§
ï»¿é¼ èƒ†è‹±é›„,http://www.manmankan.com/dy2013/201706/10286.shtml,2018å¹´,å¤§é™†
ï»¿ç”µå½±åç§°,ç”µå½±é“¾æ¥,ä¸Šæ˜ æ—¶é—´,ä¸Šæ˜ åœ°åŒº
å¤§æŠ¤æ³•,http://www.manmankan.com/dy2013/201704/9766.shtml,è¿˜æœ‰,å–œå‰§
ï»¿ä¸­å›½è¯ç¥|å°åº¦è¯å•†(å°åº¦è¯ç¥),http://www.manmankan.com/dy2013/201701/9048.shtml,2018å¹´,å–œå‰§
ï»¿ä¸å›ç›¸æ‹100æ¬¡,http://www.manmankan.com/dy2013/201704/9854.shtml,2017å¹´7æœˆ6æ—¥ ,æ—¥æœ¬
ï»¿é‚£ä¸€åœºå‘¼å•¸è€Œè¿‡çš„é’æ˜¥,http://www.manmankan.com/dy2013/201702/9153.shtml,2017å¹´8æœˆ25æ—¥ ,å¤§é™†
ï»¿æˆ‘ä¸åšå¤§å“¥å¥½å¤šå¹´,http://www.manmankan.com/dy2013/201706/10134.shtml,2017å¹´06æœˆ,åŠ¨ä½œ
ï»¿ä¸‰åªå°çŒª2,http://www.manmankan.com/dy2013/201704/9875.shtml,æ­£åœ¨çƒ­æ˜ ,å–œå‰§
ï»¿ç¬¬åäºŒç§’,http://www.manmankan.com/dy2013/201706/10095.shtml,2018å¹´,å¤§é™†
ï»¿æ ¡èŠ±éš”å£çš„æµå·æ«,http://www.manmankan.com/dy2013/201705/10052.shtml,2017å¹´5æœˆ31æ—¥ ,å¤§é™†
ï»¿å°æƒ…ä¹¦,http://www.manmankan.com/dy2013/201702/9187.shtml,2017å¹´5æœˆ19æ—¥ ,çˆ±æƒ…
ï»¿å½“æ€ªç‰©æ¥æ•²é—¨,http://www.manmankan.com/dy2013/201704/9768.shtml,2017å¹´5æœˆ19æ—¥ ,ç¾å›½
ï»¿æ³¡èŠ™å°å§,http://www.manmankan.com/dy2013/201609/7597.shtml,2017å¹´8æœˆ28æ—¥ ,å–œå‰§
ï»¿æ–°æœ¨ä¹ƒä¼Š,http://www.manmankan.com/dy2013/201511/4087.shtml,2017å¹´6æœˆ9æ—¥ ,åŠ¨ä½œ
ï»¿å˜å½¢é‡‘åˆš5èƒœåˆ©çš„å •è½,http://www.manmankan.com/dy2013/201507/2620.shtml,2017å¹´6æœˆ23æ—¥ ,åŠ¨ä½œ
ï»¿å˜å½¢é‡‘åˆš5æœ€åçš„éª‘å£«,http://www.manmankan.com/dy2013/201605/6035.shtml,2017å¹´6æœˆ23æ—¥ ,åŠ¨ä½œ
ï»¿åŸè°…ä»–77æ¬¡,http://www.manmankan.com/dy2013/201608/7282.shtml,2017å¹´6æœˆ23æ—¥ ,é¦™æ¸¯
ï»¿æ‘”è·¤å§çˆ¸çˆ¸,http://www.manmankan.com/dy2013/201705/10001.shtml,2017å¹´5æœˆ5æ—¥ ,å–œå‰§
ï»¿ç¥å¥‡å¥³ä¾ ,http://www.manmankan.com/dy2013/201508/2765.shtml,2017å¹´6æœˆ2æ—¥ ,ç¾å›½
ï»¿å¼‚å½¢:å¥‘çº¦,http://www.manmankan.com/dy2013/201602/4976.shtml,æ­£åœ¨çƒ­æ˜ ,æƒŠæ‚š
ï»¿ä»™çƒå¤§æˆ˜,http://www.manmankan.com/dy2013/201612/8736.shtml,2017å¹´6æœˆ30æ—¥ ,å¤§é™†
ï»¿åè½¬äººç”Ÿ,http://www.manmankan.com/dy2013/201602/4771.shtml,2017å¹´6æœˆ30æ—¥ ,å¤§é™†
ï»¿é€†æ—¶è¥æ•‘(è‡´å‘½å€’æ•°),http://www.manmankan.com/dy2013/201512/4248.shtml,2017å¹´6æœˆ30æ—¥ ,åŠ¨ä½œ
ï»¿ç»ä¸–é«˜æ‰‹,http://www.manmankan.com/dy2013/201610/8073.shtml,2017å¹´7æœˆ7æ—¥ ,å¤§é™†
ï»¿é²›ç ä¼ ,http://www.manmankan.com/dy2013/201503/1938.shtml,2017å¹´8æœˆ11æ—¥ ,çˆ±æƒ…
ï»¿ç§˜æœ,http://www.manmankan.com/dy2013/201510/3706.shtml,2017å¹´7æœˆ7æ—¥ ,çˆ±æƒ…
ï»¿æ‚Ÿç©ºä¼ ,http://www.manmankan.com/dy2013/201508/3037.shtml,2017å¹´7æœˆ13æ—¥ ,å¤§é™†
ï»¿ç»£æ˜¥åˆ€ãƒ»ä¿®ç½—æˆ˜åœº,http://www.manmankan.com/dy2013/201509/3120.shtml,2017å¹´8æœˆ11æ—¥ ,åŠ¨ä½œ
ï»¿å“†å•¦Aæ¢¦:å¤§é›„çš„å—æå†°å¤©é›ªåœ°å¤§å†’é™©,http://www.manmankan.com/dy2013/201612/8558.shtml,2017å¹´5æœˆ30æ—¥ ,æ—¥æœ¬
ï»¿æç›—è½¦ç¥,http://www.manmankan.com/dy2013/201706/10102.shtml,2017å¹´6æœˆ28æ—¥ ,åŠ¨ä½œ
ï»¿èœ˜è››ä¾ :è‹±é›„å½’æ¥,http://www.manmankan.com/dy2013/201508/2812.shtml,2017å¹´7æœˆ7æ—¥ ,ç¾å›½
ï»¿åŠ å‹’æ¯”æµ·ç›—5æ­»æ— å¯¹è¯,http://www.manmankan.com/dy2013/201504/2117.shtml,2017å¹´5æœˆ26æ—¥ ,å¥‡å¹»
ï»¿é’æ˜¥é€—(ä¸ºé’æ˜¥ç‚¹èµ|æˆ‘çš„é’æ˜¥æˆ‘ç‚¹èµ),http://www.manmankan.com/dy2013/201507/2610.shtml,2017å¹´6æœˆ23æ—¥ ,å–œå‰§
ï»¿é’æ˜¥é€—,http://www.manmankan.com/dy2013/201509/3312.shtml,2017å¹´6æœˆ23æ—¥ ,å–œå‰§
ï»¿çƒ­è¡€é«˜æ ¡ä¹‹é’ç¦¾ç”·é«˜,http://www.manmankan.com/dy2013/201605/5913.shtml,2017å¹´7æœˆ13æ—¥ ,å–œå‰§
ï»¿å†°ä¹‹ä¸‹,http://www.manmankan.com/dy2013/201509/3455.shtml,2017å¹´,å–œå‰§
ï»¿ä¸­å›½æ¨é”€å‘˜,http://www.manmankan.com/dy2013/201507/2707.shtml,2017å¹´6æœˆ16æ—¥ ,å‰§æƒ…
ï»¿æ‰¶æ‘‡çš‡å,http://www.manmankan.com/dy2013/201603/5174.shtml,2016å¹´,å¤§é™†
ï»¿å˜å½¢é‡‘åˆš5,http://www.manmankan.com/dy2013/201706/10302.shtml,2017å¹´6æœˆ23æ—¥ ,åŠ¨ä½œ
ï»¿"èŠ±æœ¨å…°,æˆ‘åœ¨çº½çº¦ç­‰ä½ ",http://www.manmankan.com/dy2013/201606/6404.shtml,2017å¹´8æœˆ25æ—¥ ,çˆ±æƒ…
ï»¿è‹±ä¼¦å¯¹å†³,http://www.manmankan.com/dy2013/201602/4956.shtml,2017å¹´9æœˆ30æ—¥ ,é¦™æ¸¯
ï»¿ç¼çº«æœºä¹é˜Ÿ,http://www.manmankan.com/dy2013/201701/8975.shtml,2017å¹´9æœˆ30æ—¥ ,å¤§é™†
ï»¿è´è¶å…¬å¢“,http://www.manmankan.com/dy2013/201509/3075.shtml,2017å¹´8æœˆ28æ—¥ ,æƒŠæ‚š
ï»¿æ›¼å“ˆé¡¿çˆ±æƒ…æ•…äº‹,http://www.manmankan.com/dy2013/201706/10298.shtml,2018å¹´,å–œå‰§
ï»¿æƒ…é‡æ›¼å“ˆé¡¿,http://www.manmankan.com/dy2013/201508/2767.shtml,2017å¹´8æœˆ25æ—¥ ,å¤§é™†
ï»¿ä¸‰ç”Ÿä¸‰ä¸–åé‡Œæ¡ƒèŠ±,http://www.manmankan.com/dy2013/201409/1453.shtml,2017å¹´8æœˆ4æ—¥ ,çˆ±æƒ…
ï»¿"52èµ«å…¹,æˆ‘çˆ±ä½ ",http://www.manmankan.com/dy2013/201706/10108.shtml,æ­£åœ¨çƒ­æ˜ ,å–œå‰§
ï»¿å¥³äººæ°¸è¿œæ˜¯å¯¹çš„,http://www.manmankan.com/dy2013/201705/10062.shtml,2017å¹´6æœˆ16æ—¥ ,é¦™æ¸¯
ï»¿å…­äººæ™šé¤,http://www.manmankan.com/dy2013/201504/2025.shtml,2017å¹´6æœˆ16æ—¥ ,å¤§é™†
ï»¿æé›·å’ŒéŸ©æ¢…æ¢…,http://www.manmankan.com/dy2013/201606/6579.shtml,2017å¹´6æœˆ9æ—¥ ,å–œå‰§
ï»¿è½¬å‹å›¢ä¼™,http://www.manmankan.com/dy2013/201608/7267.shtml,2017å¹´8æœˆ25æ—¥ ,é¦™æ¸¯
ï»¿å¼•çˆ†è€…,http://www.manmankan.com/dy2013/201612/8873.shtml,2017å¹´8æœˆ25æ—¥ ,å¤§é™†
ï»¿ä¾ ç›—è”ç›Ÿ,http://www.manmankan.com/dy2013/201609/7472.shtml,2017å¹´8æœˆ11æ—¥ ,çˆ±æƒ…
ï»¿å†›èˆ°å²›,http://www.manmankan.com/dy2013/201603/5121.shtml,2017å¹´7æœˆ26æ—¥ ,æˆ˜äº‰
ï»¿ç©å¶å¥‡å…µ,http://www.manmankan.com/dy2013/201705/9926.shtml,è¿˜æœ‰,å–œå‰§
ï»¿çˆ¶å­é›„å…µ,http://www.manmankan.com/dy2013/201610/8145.shtml,2017å¹´7æœˆ21æ—¥ ,å¤§é™†
ï»¿D+æ€ªåŒ»,http://www.manmankan.com/dy2013/201705/9934.shtml,2017å¹´4æœˆ18æ—¥ ,å–œå‰§
ï»¿æ˜æœˆå‡ æ—¶æœ‰,http://www.manmankan.com/dy2013/201601/4541.shtml,2017å¹´7æœˆ1æ—¥ ,å¤§é™†
ï»¿ç¾å¥½çš„æ„å¤–,http://www.manmankan.com/dy2013/201603/5353.shtml,2017å¹´6æœˆ2æ—¥ ,å–œå‰§
ï»¿æ°´æµ’å®¢æ ˆ,http://www.manmankan.com/dy2013/201706/10288.shtml,2017å¹´,å–œå‰§
ï»¿é¼ èƒ†è‹±é›„,http://www.manmankan.com/dy2013/201706/10286.shtml,2018å¹´,å¤§é™†
ï»¿éå¸¸åŒä¼™,http://www.manmankan.com/dy2013/201510/3482.shtml,2016å¹´,å–œå‰§
ï»¿é—ªå…‰å°‘å¥³,http://www.manmankan.com/dy2013/201606/6580.shtml,2017å¹´7æœˆ28æ—¥ ,é’æ˜¥
ï»¿çŒå…½å°‘å¥³é˜Ÿ,http://www.manmankan.com/dy2013/201706/10126.shtml,æ­£åœ¨çƒ­æ˜ ,å–œå‰§
ï»¿èŠ³å,http://www.manmankan.com/dy2013/201608/7380.shtml,2017å¹´10æœˆ1æ—¥ ,å¤§é™†
ï»¿å¸¸åœ¨ä½ å·¦å³,http://www.manmankan.com/dy2013/201701/9084.shtml,2017å¹´10æœˆ31æ—¥ ,åŠ¨ä½œ
ï»¿è¡å¯‡é£äº‘,http://www.manmankan.com/dy2013/201509/3184.shtml,2017å¹´5æœˆ27æ—¥ ,å¤§é™†
ï»¿æˆ‘ä»¬åœæˆ˜å§,http://www.manmankan.com/dy2013/201705/10061.shtml,2017å¹´6æœˆ16æ—¥ ,é¦™æ¸¯
ï»¿ç‹‚å…½,http://www.manmankan.com/dy2013/201603/5273.shtml,2017å¹´9æœˆ15æ—¥ ,åŠ¨ä½œ
ï»¿æˆ˜ç¥çºª(é“æœ¨çœŸä¼ è¯´),http://www.manmankan.com/dy2013/201512/4302.shtml,2017å¹´12æœˆ22æ—¥ ,ç§‘å¹»
ï»¿æˆ‘æ˜¯é©¬å¸ƒé‡Œ(çº½çº¦äººåœ¨åŒ—äº¬),http://www.manmankan.com/dy2013/201604/5697.shtml,2017å¹´8æœˆ11æ—¥ ,å‰§æƒ…
ï»¿èµ›è½¦æ€»åŠ¨å‘˜3:æé€ŸæŒ‘æˆ˜,http://www.manmankan.com/dy2013/201509/3213.shtml,2017å¹´6æœˆ16æ—¥ ,ç¾å›½
ï»¿ä¸­å›½æ¸¸è®°:é“é¢äººä¹‹è°œ,http://www.manmankan.com/dy2013/201603/5289.shtml,2016å¹´,æƒŠæ‚š
ï»¿ç–¯å²³æ’¬ä½³äºº,http://www.manmankan.com/dy2013/201607/6752.shtml,2017å¹´2æœˆ14æ—¥ ,å–œå‰§
ï»¿å¤§æ¸…æå“èµŒä»™,http://www.manmankan.com/dy2013/201706/10270.shtml,è¿˜æœ‰,å–œå‰§
ï»¿åå…«å²ç»™æˆ‘ä¸€ä¸ªå§‘å¨˜,http://www.manmankan.com/dy2013/201608/7135.shtml,2017å¹´,å¤§é™†
ï»¿è°æ˜¯çƒç‹,http://www.manmankan.com/dy2013/201609/7507.shtml,2017å¹´8æœˆ3æ—¥ ,å¤§é™†
ï»¿äº¬åŸ81å·2,http://www.manmankan.com/dy2013/201509/3125.shtml,2017å¹´7æœˆ6æ—¥ ,å¤§é™†
ï»¿æ·±å¤œé£Ÿå ‚2,http://www.manmankan.com/dy2013/201605/6071.shtml,2017å¹´7æœˆ18æ—¥ ,å–œå‰§
ï»¿äºŒæ¬¡åˆæ‹,http://www.manmankan.com/dy2013/201706/10239.shtml,2017å¹´8æœˆ25æ—¥ ,å¤§é™†
ï»¿å»ºå†›å¤§ä¸š,http://www.manmankan.com/dy2013/201512/4303.shtml,2017å¹´7æœˆ28æ—¥ ,å¤§é™†
ï»¿è¿·å¤±ZåŸ,http://www.manmankan.com/dy2013/201610/7999.shtml,2017å¹´6æœˆ2æ—¥ ,ç¾å›½
ï»¿éº»è¾£å­¦é™¢,http://www.manmankan.com/dy2013/201705/9930.shtml,2017å¹´6æœˆ9æ—¥ ,å¤§é™†
ï»¿æœ‰è¨€åœ¨ä»™,http://www.manmankan.com/dy2013/201706/10178.shtml,2018å¹´,å–œå‰§
ï»¿åä¸ƒå²çš„é›¨å­£,http://www.manmankan.com/dy2013/201605/6067.shtml,2016å¹´,å¤§é™†
ï»¿åƒåƒçš„çˆ±,http://www.manmankan.com/dy2013/201510/3605.shtml,2017å¹´5æœˆ27æ—¥ ,å–œå‰§
ï»¿æˆ‘æ˜¯ä½ å¦ˆ,http://www.manmankan.com/dy2013/201706/10162.shtml,2017å¹´,å¤§é™†
ï»¿ä¸´æ—¶æ¼”å‘˜,http://www.manmankan.com/dy2013/201506/2413.shtml,2017å¹´5æœˆ27æ—¥ ,å–œå‰§
ï»¿ç¼‰æª,http://www.manmankan.com/dy2013/201603/5164.shtml,2017å¹´6æœˆ23æ—¥ ,åŠ¨ä½œ
ï»¿å¤å¤©åä¹å²çš„è‚–åƒ,http://www.manmankan.com/dy2013/201512/4143.shtml,2017å¹´5æœˆ27æ—¥ ,çˆ±æƒ…
ï»¿é¾™ä¹‹æˆ˜,http://www.manmankan.com/dy2013/201706/10133.shtml,2017å¹´8æœˆ4æ—¥ ,å¤§é™†
ï»¿å¤§å°¾é²ˆé³—2,http://www.manmankan.com/dy2013/201601/4664.shtml,2016å¹´2æœˆ5æ—¥ ,åŠ¨ä½œ
ï»¿å¿ƒç†ç½ªç”»åƒ,http://www.manmankan.com/dy2013/201604/5775.shtml,2017å¹´8æœˆ11æ—¥ ,çŠ¯ç½ª
ï»¿æ¬¢è¿æ¥åˆ°ç†Šä»é•‡,http://www.manmankan.com/dy2013/201706/10127.shtml,2018å¹´,å–œå‰§
ï»¿è§£å¿§æ‚è´§åº—,http://www.manmankan.com/dy2013/201510/3808.shtml,2017å¹´,ä¼¦ç†
ï»¿ä»™å‰‘é—®æƒ…,http://www.manmankan.com/dy2013/201706/10121.shtml,2018å¹´,å¤§é™†
ï»¿ç¥å¥‡å¥³ä¾ 2,http://www.manmankan.com/dy2013/201706/10118.shtml,2020å¹´,åŠ¨ä½œ
ï»¿è§ä¹ çˆ±ç¥,http://www.manmankan.com/dy2013/201610/7998.shtml,2017å¹´06æœˆ,çˆ±æƒ…
ï»¿è¶…çº§ç‹çˆ·,http://www.manmankan.com/dy2013/201703/9506.shtml,2017å¹´4æœˆ2æ—¥ ,å–œå‰§
ï»¿å¸•ä¸é¡¿ç†Š2,http://www.manmankan.com/dy2013/201511/3976.shtml,2018å¹´1æœˆ12æ—¥ ,è‹±å›½
ï»¿å¿ƒç†ç½ªä¹‹åŸå¸‚ä¹‹å…‰,http://www.manmankan.com/dy2013/201606/6202.shtml,2017å¹´9æœˆ30æ—¥ ,æƒŠæ‚š
ï»¿æˆ‘ä»¬çš„å°‘å¹´æ—¶ä»£,http://www.manmankan.com/dy2013/201706/10092.shtml,2018å¹´,å¤§é™†
ï»¿ç”µå½±åç§°,ç”µå½±é“¾æ¥,ä¸Šæ˜ æ—¶é—´,ä¸Šæ˜ åœ°åŒº
å¤§æŠ¤æ³•,http://www.manmankan.com/dy2013/201704/9766.shtml,è¿˜æœ‰,å–œå‰§
ï»¿ä¸­å›½è¯ç¥|å°åº¦è¯å•†(å°åº¦è¯ç¥),http://www.manmankan.com/dy2013/201701/9048.shtml,2018å¹´,å–œå‰§
ï»¿ä¸å›ç›¸æ‹100æ¬¡,http://www.manmankan.com/dy2013/201704/9854.shtml,2017å¹´7æœˆ6æ—¥ ,æ—¥æœ¬
ï»¿é‚£ä¸€åœºå‘¼å•¸è€Œè¿‡çš„é’æ˜¥,http://www.manmankan.com/dy2013/201702/9153.shtml,2017å¹´8æœˆ25æ—¥ ,å¤§é™†
ï»¿æˆ‘ä¸åšå¤§å“¥å¥½å¤šå¹´,http://www.manmankan.com/dy2013/201706/10134.shtml,2017å¹´06æœˆ,åŠ¨ä½œ
ï»¿ä¸‰åªå°çŒª2,http://www.manmankan.com/dy2013/201704/9875.shtml,æ­£åœ¨çƒ­æ˜ ,å–œå‰§
ï»¿ç¬¬åäºŒç§’,http://www.manmankan.com/dy2013/201706/10095.shtml,2018å¹´,å¤§é™†
ï»¿æ ¡èŠ±éš”å£çš„æµå·æ«,http://www.manmankan.com/dy2013/201705/10052.shtml,2017å¹´5æœˆ31æ—¥ ,å¤§é™†
ï»¿å°æƒ…ä¹¦,http://www.manmankan.com/dy2013/201702/9187.shtml,2017å¹´5æœˆ19æ—¥ ,çˆ±æƒ…
ï»¿å½“æ€ªç‰©æ¥æ•²é—¨,http://www.manmankan.com/dy2013/201704/9768.shtml,2017å¹´5æœˆ19æ—¥ ,ç¾å›½
ï»¿æ³¡èŠ™å°å§,http://www.manmankan.com/dy2013/201609/7597.shtml,2017å¹´8æœˆ28æ—¥ ,å–œå‰§
ï»¿æ–°æœ¨ä¹ƒä¼Š,http://www.manmankan.com/dy2013/201511/4087.shtml,2017å¹´6æœˆ9æ—¥ ,åŠ¨ä½œ
ï»¿å˜å½¢é‡‘åˆš5èƒœåˆ©çš„å •è½,http://www.manmankan.com/dy2013/201507/2620.shtml,2017å¹´6æœˆ23æ—¥ ,åŠ¨ä½œ
ï»¿å˜å½¢é‡‘åˆš5æœ€åçš„éª‘å£«,http://www.manmankan.com/dy2013/201605/6035.shtml,2017å¹´6æœˆ23æ—¥ ,åŠ¨ä½œ
ï»¿åŸè°…ä»–77æ¬¡,http://www.manmankan.com/dy2013/201608/7282.shtml,2017å¹´6æœˆ23æ—¥ ,é¦™æ¸¯
ï»¿æ‘”è·¤å§çˆ¸çˆ¸,http://www.manmankan.com/dy2013/201705/10001.shtml,2017å¹´5æœˆ5æ—¥ ,å–œå‰§
ï»¿ç¥å¥‡å¥³ä¾ ,http://www.manmankan.com/dy2013/201508/2765.shtml,2017å¹´6æœˆ2æ—¥ ,ç¾å›½
ï»¿å¼‚å½¢:å¥‘çº¦,http://www.manmankan.com/dy2013/201602/4976.shtml,æ­£åœ¨çƒ­æ˜ ,æƒŠæ‚š
ï»¿ä»™çƒå¤§æˆ˜,http://www.manmankan.com/dy2013/201612/8736.shtml,2017å¹´6æœˆ30æ—¥ ,å¤§é™†
ï»¿åè½¬äººç”Ÿ,http://www.manmankan.com/dy2013/201602/4771.shtml,2017å¹´6æœˆ30æ—¥ ,å¤§é™†
ï»¿é€†æ—¶è¥æ•‘(è‡´å‘½å€’æ•°),http://www.manmankan.com/dy2013/201512/4248.shtml,2017å¹´6æœˆ30æ—¥ ,åŠ¨ä½œ
ï»¿ç»ä¸–é«˜æ‰‹,http://www.manmankan.com/dy2013/201610/8073.shtml,2017å¹´7æœˆ7æ—¥ ,å¤§é™†
ï»¿é²›ç ä¼ ,http://www.manmankan.com/dy2013/201503/1938.shtml,2017å¹´8æœˆ11æ—¥ ,çˆ±æƒ…
ï»¿ç§˜æœ,http://www.manmankan.com/dy2013/201510/3706.shtml,2017å¹´7æœˆ7æ—¥ ,çˆ±æƒ…
ï»¿æ‚Ÿç©ºä¼ ,http://www.manmankan.com/dy2013/201508/3037.shtml,2017å¹´7æœˆ13æ—¥ ,å¤§é™†
ï»¿ç»£æ˜¥åˆ€ãƒ»ä¿®ç½—æˆ˜åœº,http://www.manmankan.com/dy2013/201509/3120.shtml,2017å¹´8æœˆ11æ—¥ ,åŠ¨ä½œ
ï»¿å“†å•¦Aæ¢¦:å¤§é›„çš„å—æå†°å¤©é›ªåœ°å¤§å†’é™©,http://www.manmankan.com/dy2013/201612/8558.shtml,2017å¹´5æœˆ30æ—¥ ,æ—¥æœ¬
ï»¿æç›—è½¦ç¥,http://www.manmankan.com/dy2013/201706/10102.shtml,2017å¹´6æœˆ28æ—¥ ,åŠ¨ä½œ
ï»¿èœ˜è››ä¾ :è‹±é›„å½’æ¥,http://www.manmankan.com/dy2013/201508/2812.shtml,2017å¹´7æœˆ7æ—¥ ,ç¾å›½
ï»¿åŠ å‹’æ¯”æµ·ç›—5æ­»æ— å¯¹è¯,http://www.manmankan.com/dy2013/201504/2117.shtml,2017å¹´5æœˆ26æ—¥ ,å¥‡å¹»
ï»¿é’æ˜¥é€—(ä¸ºé’æ˜¥ç‚¹èµ|æˆ‘çš„é’æ˜¥æˆ‘ç‚¹èµ),http://www.manmankan.com/dy2013/201507/2610.shtml,2017å¹´6æœˆ23æ—¥ ,å–œå‰§
ï»¿é’æ˜¥é€—,http://www.manmankan.com/dy2013/201509/3312.shtml,2017å¹´6æœˆ23æ—¥ ,å–œå‰§
ï»¿çƒ­è¡€é«˜æ ¡ä¹‹é’ç¦¾ç”·é«˜,http://www.manmankan.com/dy2013/201605/5913.shtml,2017å¹´7æœˆ13æ—¥ ,å–œå‰§
ï»¿å†°ä¹‹ä¸‹,http://www.manmankan.com/dy2013/201509/3455.shtml,2017å¹´,å–œå‰§
ï»¿ä¸­å›½æ¨é”€å‘˜,http://www.manmankan.com/dy2013/201507/2707.shtml,2017å¹´6æœˆ16æ—¥ ,å‰§æƒ…
ï»¿æ‰¶æ‘‡çš‡å,http://www.manmankan.com/dy2013/201603/5174.shtml,2016å¹´,å¤§é™†
ï»¿å˜å½¢é‡‘åˆš5,http://www.manmankan.com/dy2013/201706/10302.shtml,2017å¹´6æœˆ23æ—¥ ,åŠ¨ä½œ
ï»¿"èŠ±æœ¨å…°,æˆ‘åœ¨çº½çº¦ç­‰ä½ ",http://www.manmankan.com/dy2013/201606/6404.shtml,2017å¹´8æœˆ25æ—¥ ,çˆ±æƒ…
ï»¿è‹±ä¼¦å¯¹å†³,http://www.manmankan.com/dy2013/201602/4956.shtml,2017å¹´9æœˆ30æ—¥ ,é¦™æ¸¯
ï»¿ç¼çº«æœºä¹é˜Ÿ,http://www.manmankan.com/dy2013/201701/8975.shtml,2017å¹´9æœˆ30æ—¥ ,å¤§é™†
ï»¿è´è¶å…¬å¢“,http://www.manmankan.com/dy2013/201509/3075.shtml,2017å¹´8æœˆ28æ—¥ ,æƒŠæ‚š
ï»¿æ›¼å“ˆé¡¿çˆ±æƒ…æ•…äº‹,http://www.manmankan.com/dy2013/201706/10298.shtml,2018å¹´,å–œå‰§
ï»¿æƒ…é‡æ›¼å“ˆé¡¿,http://www.manmankan.com/dy2013/201508/2767.shtml,2017å¹´8æœˆ25æ—¥ ,å¤§é™†
ï»¿ä¸‰ç”Ÿä¸‰ä¸–åé‡Œæ¡ƒèŠ±,http://www.manmankan.com/dy2013/201409/1453.shtml,2017å¹´8æœˆ4æ—¥ ,çˆ±æƒ…
ï»¿"52èµ«å…¹,æˆ‘çˆ±ä½ ",http://www.manmankan.com/dy2013/201706/10108.shtml,æ­£åœ¨çƒ­æ˜ ,å–œå‰§
ï»¿å¥³äººæ°¸è¿œæ˜¯å¯¹çš„,http://www.manmankan.com/dy2013/201705/10062.shtml,2017å¹´6æœˆ16æ—¥ ,é¦™æ¸¯
ï»¿å…­äººæ™šé¤,http://www.manmankan.com/dy2013/201504/2025.shtml,2017å¹´6æœˆ16æ—¥ ,å¤§é™†
ï»¿æé›·å’ŒéŸ©æ¢…æ¢…,http://www.manmankan.com/dy2013/201606/6579.shtml,2017å¹´6æœˆ9æ—¥ ,å–œå‰§
ï»¿è½¬å‹å›¢ä¼™,http://www.manmankan.com/dy2013/201608/7267.shtml,2017å¹´8æœˆ25æ—¥ ,é¦™æ¸¯
ï»¿å¼•çˆ†è€…,http://www.manmankan.com/dy2013/201612/8873.shtml,2017å¹´8æœˆ25æ—¥ ,å¤§é™†
ï»¿ä¾ ç›—è”ç›Ÿ,http://www.manmankan.com/dy2013/201609/7472.shtml,2017å¹´8æœˆ11æ—¥ ,çˆ±æƒ…
ï»¿å†›èˆ°å²›,http://www.manmankan.com/dy2013/201603/5121.shtml,2017å¹´7æœˆ26æ—¥ ,æˆ˜äº‰
ï»¿ç©å¶å¥‡å…µ,http://www.manmankan.com/dy2013/201705/9926.shtml,è¿˜æœ‰,å–œå‰§
ï»¿çˆ¶å­é›„å…µ,http://www.manmankan.com/dy2013/201610/8145.shtml,2017å¹´7æœˆ21æ—¥ ,å¤§é™†
ï»¿D+æ€ªåŒ»,http://www.manmankan.com/dy2013/201705/9934.shtml,2017å¹´4æœˆ18æ—¥ ,å–œå‰§
ï»¿æ˜æœˆå‡ æ—¶æœ‰,http://www.manmankan.com/dy2013/201601/4541.shtml,2017å¹´7æœˆ1æ—¥ ,å¤§é™†
ï»¿ç¾å¥½çš„æ„å¤–,http://www.manmankan.com/dy2013/201603/5353.shtml,2017å¹´6æœˆ2æ—¥ ,å–œå‰§
ï»¿æ°´æµ’å®¢æ ˆ,http://www.manmankan.com/dy2013/201706/10288.shtml,2017å¹´,å–œå‰§
ï»¿é¼ èƒ†è‹±é›„,http://www.manmankan.com/dy2013/201706/10286.shtml,2018å¹´,å¤§é™†
ï»¿éå¸¸åŒä¼™,http://www.manmankan.com/dy2013/201510/3482.shtml,2016å¹´,å–œå‰§
ï»¿é—ªå…‰å°‘å¥³,http://www.manmankan.com/dy2013/201606/6580.shtml,2017å¹´7æœˆ28æ—¥ ,é’æ˜¥
ï»¿çŒå…½å°‘å¥³é˜Ÿ,http://www.manmankan.com/dy2013/201706/10126.shtml,æ­£åœ¨çƒ­æ˜ ,å–œå‰§
ï»¿èŠ³å,http://www.manmankan.com/dy2013/201608/7380.shtml,2017å¹´10æœˆ1æ—¥ ,å¤§é™†
ï»¿å¸¸åœ¨ä½ å·¦å³,http://www.manmankan.com/dy2013/201701/9084.shtml,2017å¹´10æœˆ31æ—¥ ,åŠ¨ä½œ
ï»¿è¡å¯‡é£äº‘,http://www.manmankan.com/dy2013/201509/3184.shtml,2017å¹´5æœˆ27æ—¥ ,å¤§é™†
ï»¿æˆ‘ä»¬åœæˆ˜å§,http://www.manmankan.com/dy2013/201705/10061.shtml,2017å¹´6æœˆ16æ—¥ ,é¦™æ¸¯
ï»¿ç‹‚å…½,http://www.manmankan.com/dy2013/201603/5273.shtml,2017å¹´9æœˆ15æ—¥ ,åŠ¨ä½œ
ï»¿æˆ˜ç¥çºª(é“æœ¨çœŸä¼ è¯´),http://www.manmankan.com/dy2013/201512/4302.shtml,2017å¹´12æœˆ22æ—¥ ,ç§‘å¹»
ï»¿æˆ‘æ˜¯é©¬å¸ƒé‡Œ(çº½çº¦äººåœ¨åŒ—äº¬),http://www.manmankan.com/dy2013/201604/5697.shtml,2017å¹´8æœˆ11æ—¥ ,å‰§æƒ…
ï»¿èµ›è½¦æ€»åŠ¨å‘˜3:æé€ŸæŒ‘æˆ˜,http://www.manmankan.com/dy2013/201509/3213.shtml,2017å¹´6æœˆ16æ—¥ ,ç¾å›½
ï»¿ä¸­å›½æ¸¸è®°:é“é¢äººä¹‹è°œ,http://www.manmankan.com/dy2013/201603/5289.shtml,2016å¹´,æƒŠæ‚š
ï»¿ç–¯å²³æ’¬ä½³äºº,http://www.manmankan.com/dy2013/201607/6752.shtml,2017å¹´2æœˆ14æ—¥ ,å–œå‰§
ï»¿å¤§æ¸…æå“èµŒä»™,http://www.manmankan.com/dy2013/201706/10270.shtml,è¿˜æœ‰,å–œå‰§
ï»¿åå…«å²ç»™æˆ‘ä¸€ä¸ªå§‘å¨˜,http://www.manmankan.com/dy2013/201608/7135.shtml,2017å¹´,å¤§é™†
ï»¿è°æ˜¯çƒç‹,http://www.manmankan.com/dy2013/201609/7507.shtml,2017å¹´8æœˆ3æ—¥ ,å¤§é™†
ï»¿äº¬åŸ81å·2,http://www.manmankan.com/dy2013/201509/3125.shtml,2017å¹´7æœˆ6æ—¥ ,å¤§é™†
ï»¿æ·±å¤œé£Ÿå ‚2,http://www.manmankan.com/dy2013/201605/6071.shtml,2017å¹´7æœˆ18æ—¥ ,å–œå‰§
ï»¿äºŒæ¬¡åˆæ‹,http://www.manmankan.com/dy2013/201706/10239.shtml,2017å¹´8æœˆ25æ—¥ ,å¤§é™†
ï»¿å»ºå†›å¤§ä¸š,http://www.manmankan.com/dy2013/201512/4303.shtml,2017å¹´7æœˆ28æ—¥ ,å¤§é™†
ï»¿è¿·å¤±ZåŸ,http://www.manmankan.com/dy2013/201610/7999.shtml,2017å¹´6æœˆ2æ—¥ ,ç¾å›½
ï»¿éº»è¾£å­¦é™¢,http://www.manmankan.com/dy2013/201705/9930.shtml,2017å¹´6æœˆ9æ—¥ ,å¤§é™†
ï»¿æœ‰è¨€åœ¨ä»™,http://www.manmankan.com/dy2013/201706/10178.shtml,2018å¹´,å–œå‰§
ï»¿åä¸ƒå²çš„é›¨å­£,http://www.manmankan.com/dy2013/201605/6067.shtml,2016å¹´,å¤§é™†
ï»¿åƒåƒçš„çˆ±,http://www.manmankan.com/dy2013/201510/3605.shtml,2017å¹´5æœˆ27æ—¥ ,å–œå‰§
ï»¿æˆ‘æ˜¯ä½ å¦ˆ,http://www.manmankan.com/dy2013/201706/10162.shtml,2017å¹´,å¤§é™†
ï»¿ä¸´æ—¶æ¼”å‘˜,http://www.manmankan.com/dy2013/201506/2413.shtml,2017å¹´5æœˆ27æ—¥ ,å–œå‰§
ï»¿ç¼‰æª,http://www.manmankan.com/dy2013/201603/5164.shtml,2017å¹´6æœˆ23æ—¥ ,åŠ¨ä½œ
ï»¿å¤å¤©åä¹å²çš„è‚–åƒ,http://www.manmankan.com/dy2013/201512/4143.shtml,2017å¹´5æœˆ27æ—¥ ,çˆ±æƒ…
ï»¿é¾™ä¹‹æˆ˜,http://www.manmankan.com/dy2013/201706/10133.shtml,2017å¹´8æœˆ4æ—¥ ,å¤§é™†
ï»¿å¤§å°¾é²ˆé³—2,http://www.manmankan.com/dy2013/201601/4664.shtml,2016å¹´2æœˆ5æ—¥ ,åŠ¨ä½œ
ï»¿å¿ƒç†ç½ªç”»åƒ,http://www.manmankan.com/dy2013/201604/5775.shtml,2017å¹´8æœˆ11æ—¥ ,çŠ¯ç½ª
ï»¿æ¬¢è¿æ¥åˆ°ç†Šä»é•‡,http://www.manmankan.com/dy2013/201706/10127.shtml,2018å¹´,å–œå‰§
ï»¿è§£å¿§æ‚è´§åº—,http://www.manmankan.com/dy2013/201510/3808.shtml,2017å¹´,ä¼¦ç†
ï»¿ä»™å‰‘é—®æƒ…,http://www.manmankan.com/dy2013/201706/10121.shtml,2018å¹´,å¤§é™†
ï»¿ç¥å¥‡å¥³ä¾ 2,http://www.manmankan.com/dy2013/201706/10118.shtml,2020å¹´,åŠ¨ä½œ
ï»¿è§ä¹ çˆ±ç¥,http://www.manmankan.com/dy2013/201610/7998.shtml,2017å¹´06æœˆ,çˆ±æƒ…
ï»¿è¶…çº§ç‹çˆ·,http://www.manmankan.com/dy2013/201703/9506.shtml,2017å¹´4æœˆ2æ—¥ ,å–œå‰§
ï»¿å¸•ä¸é¡¿ç†Š2,http://www.manmankan.com/dy2013/201511/3976.shtml,2018å¹´1æœˆ12æ—¥ ,è‹±å›½
ï»¿å¿ƒç†ç½ªä¹‹åŸå¸‚ä¹‹å…‰,http://www.manmankan.com/dy2013/201606/6202.shtml,2017å¹´9æœˆ30æ—¥ ,æƒŠæ‚š
ï»¿æˆ‘ä»¬çš„å°‘å¹´æ—¶ä»£,http://www.manmankan.com/dy2013/201706/10092.shtml,2018å¹´,å¤§é™†
ï»¿ç”µå½±åç§°,ç”µå½±é“¾æ¥,ä¸Šæ˜ æ—¶é—´,ä¸Šæ˜ åœ°åŒº
å¤§æŠ¤æ³•,http://www.manmankan.com/dy2013/201704/9766.shtml,è¿˜æœ‰,å–œå‰§
ï»¿ä¸­å›½è¯ç¥|å°åº¦è¯å•†(å°åº¦è¯ç¥),http://www.manmankan.com/dy2013/201701/9048.shtml,2018å¹´,å–œå‰§
ï»¿ä¸å›ç›¸æ‹100æ¬¡,http://www.manmankan.com/dy2013/201704/9854.shtml,2017å¹´7æœˆ6æ—¥ ,æ—¥æœ¬
ï»¿é‚£ä¸€åœºå‘¼å•¸è€Œè¿‡çš„é’æ˜¥,http://www.manmankan.com/dy2013/201702/9153.shtml,2017å¹´8æœˆ25æ—¥ ,å¤§é™†
ï»¿æˆ‘ä¸åšå¤§å“¥å¥½å¤šå¹´,http://www.manmankan.com/dy2013/201706/10134.shtml,2017å¹´06æœˆ,åŠ¨ä½œ
ï»¿ä¸‰åªå°çŒª2,http://www.manmankan.com/dy2013/201704/9875.shtml,æ­£åœ¨çƒ­æ˜ ,å–œå‰§
ï»¿ç¬¬åäºŒç§’,http://www.manmankan.com/dy2013/201706/10095.shtml,2018å¹´,å¤§é™†
ï»¿æ ¡èŠ±éš”å£çš„æµå·æ«,http://www.manmankan.com/dy2013/201705/10052.shtml,2017å¹´5æœˆ31æ—¥ ,å¤§é™†
ï»¿å°æƒ…ä¹¦,http://www.manmankan.com/dy2013/201702/9187.shtml,2017å¹´5æœˆ19æ—¥ ,çˆ±æƒ…
ï»¿å½“æ€ªç‰©æ¥æ•²é—¨,http://www.manmankan.com/dy2013/201704/9768.shtml,2017å¹´5æœˆ19æ—¥ ,ç¾å›½
ï»¿æ³¡èŠ™å°å§,http://www.manmankan.com/dy2013/201609/7597.shtml,2017å¹´8æœˆ28æ—¥ ,å–œå‰§
ï»¿æ–°æœ¨ä¹ƒä¼Š,http://www.manmankan.com/dy2013/201511/4087.shtml,2017å¹´6æœˆ9æ—¥ ,åŠ¨ä½œ
ï»¿å˜å½¢é‡‘åˆš5èƒœåˆ©çš„å •è½,http://www.manmankan.com/dy2013/201507/2620.shtml,2017å¹´6æœˆ23æ—¥ ,åŠ¨ä½œ
ï»¿å˜å½¢é‡‘åˆš5æœ€åçš„éª‘å£«,http://www.manmankan.com/dy2013/201605/6035.shtml,2017å¹´6æœˆ23æ—¥ ,åŠ¨ä½œ
ï»¿åŸè°…ä»–77æ¬¡,http://www.manmankan.com/dy2013/201608/7282.shtml,2017å¹´6æœˆ23æ—¥ ,é¦™æ¸¯
ï»¿æ‘”è·¤å§çˆ¸çˆ¸,http://www.manmankan.com/dy2013/201705/10001.shtml,2017å¹´5æœˆ5æ—¥ ,å–œå‰§
ï»¿ç¥å¥‡å¥³ä¾ ,http://www.manmankan.com/dy2013/201508/2765.shtml,2017å¹´6æœˆ2æ—¥ ,ç¾å›½
ï»¿å¼‚å½¢:å¥‘çº¦,http://www.manmankan.com/dy2013/201602/4976.shtml,æ­£åœ¨çƒ­æ˜ ,æƒŠæ‚š
ï»¿ä»™çƒå¤§æˆ˜,http://www.manmankan.com/dy2013/201612/8736.shtml,2017å¹´6æœˆ30æ—¥ ,å¤§é™†
ï»¿åè½¬äººç”Ÿ,http://www.manmankan.com/dy2013/201602/4771.shtml,2017å¹´6æœˆ30æ—¥ ,å¤§é™†
ï»¿é€†æ—¶è¥æ•‘(è‡´å‘½å€’æ•°),http://www.manmankan.com/dy2013/201512/4248.shtml,2017å¹´6æœˆ30æ—¥ ,åŠ¨ä½œ
ï»¿ç»ä¸–é«˜æ‰‹,http://www.manmankan.com/dy2013/201610/8073.shtml,2017å¹´7æœˆ7æ—¥ ,å¤§é™†
ï»¿é²›ç ä¼ ,http://www.manmankan.com/dy2013/201503/1938.shtml,2017å¹´8æœˆ11æ—¥ ,çˆ±æƒ…
ï»¿ç§˜æœ,http://www.manmankan.com/dy2013/201510/3706.shtml,2017å¹´7æœˆ7æ—¥ ,çˆ±æƒ…
ï»¿æ‚Ÿç©ºä¼ ,http://www.manmankan.com/dy2013/201508/3037.shtml,2017å¹´7æœˆ13æ—¥ ,å¤§é™†
ï»¿ç»£æ˜¥åˆ€ãƒ»ä¿®ç½—æˆ˜åœº,http://www.manmankan.com/dy2013/201509/3120.shtml,2017å¹´8æœˆ11æ—¥ ,åŠ¨ä½œ
ï»¿å“†å•¦Aæ¢¦:å¤§é›„çš„å—æå†°å¤©é›ªåœ°å¤§å†’é™©,http://www.manmankan.com/dy2013/201612/8558.shtml,2017å¹´5æœˆ30æ—¥ ,æ—¥æœ¬
ï»¿æç›—è½¦ç¥,http://www.manmankan.com/dy2013/201706/10102.shtml,2017å¹´6æœˆ28æ—¥ ,åŠ¨ä½œ
ï»¿èœ˜è››ä¾ :è‹±é›„å½’æ¥,http://www.manmankan.com/dy2013/201508/2812.shtml,2017å¹´7æœˆ7æ—¥ ,ç¾å›½
ï»¿åŠ å‹’æ¯”æµ·ç›—5æ­»æ— å¯¹è¯,http://www.manmankan.com/dy2013/201504/2117.shtml,2017å¹´5æœˆ26æ—¥ ,å¥‡å¹»
ï»¿é’æ˜¥é€—(ä¸ºé’æ˜¥ç‚¹èµ|æˆ‘çš„é’æ˜¥æˆ‘ç‚¹èµ),http://www.manmankan.com/dy2013/201507/2610.shtml,2017å¹´6æœˆ23æ—¥ ,å–œå‰§
ï»¿é’æ˜¥é€—,http://www.manmankan.com/dy2013/201509/3312.shtml,2017å¹´6æœˆ23æ—¥ ,å–œå‰§
ï»¿çƒ­è¡€é«˜æ ¡ä¹‹é’ç¦¾ç”·é«˜,http://www.manmankan.com/dy2013/201605/5913.shtml,2017å¹´7æœˆ13æ—¥ ,å–œå‰§
ï»¿å†°ä¹‹ä¸‹,http://www.manmankan.com/dy2013/201509/3455.shtml,2017å¹´,å–œå‰§
ï»¿ä¸­å›½æ¨é”€å‘˜,http://www.manmankan.com/dy2013/201507/2707.shtml,2017å¹´6æœˆ16æ—¥ ,å‰§æƒ…
ï»¿æ‰¶æ‘‡çš‡å,http://www.manmankan.com/dy2013/201603/5174.shtml,2016å¹´,å¤§é™†
ï»¿å˜å½¢é‡‘åˆš5,http://www.manmankan.com/dy2013/201706/10302.shtml,2017å¹´6æœˆ23æ—¥ ,åŠ¨ä½œ
ï»¿"èŠ±æœ¨å…°,æˆ‘åœ¨çº½çº¦ç­‰ä½ ",http://www.manmankan.com/dy2013/201606/6404.shtml,2017å¹´8æœˆ25æ—¥ ,çˆ±æƒ…
ï»¿è‹±ä¼¦å¯¹å†³,http://www.manmankan.com/dy2013/201602/4956.shtml,2017å¹´9æœˆ30æ—¥ ,é¦™æ¸¯
ï»¿ç¼çº«æœºä¹é˜Ÿ,http://www.manmankan.com/dy2013/201701/8975.shtml,2017å¹´9æœˆ30æ—¥ ,å¤§é™†
ï»¿è´è¶å…¬å¢“,http://www.manmankan.com/dy2013/201509/3075.shtml,2017å¹´8æœˆ28æ—¥ ,æƒŠæ‚š
ï»¿æ›¼å“ˆé¡¿çˆ±æƒ…æ•…äº‹,http://www.manmankan.com/dy2013/201706/10298.shtml,2018å¹´,å–œå‰§
ï»¿æƒ…é‡æ›¼å“ˆé¡¿,http://www.manmankan.com/dy2013/201508/2767.shtml,2017å¹´8æœˆ25æ—¥ ,å¤§é™†
ï»¿ä¸‰ç”Ÿä¸‰ä¸–åé‡Œæ¡ƒèŠ±,http://www.manmankan.com/dy2013/201409/1453.shtml,2017å¹´8æœˆ4æ—¥ ,çˆ±æƒ…
ï»¿"52èµ«å…¹,æˆ‘çˆ±ä½ ",http://www.manmankan.com/dy2013/201706/10108.shtml,æ­£åœ¨çƒ­æ˜ ,å–œå‰§
ï»¿å¥³äººæ°¸è¿œæ˜¯å¯¹çš„,http://www.manmankan.com/dy2013/201705/10062.shtml,2017å¹´6æœˆ16æ—¥ ,é¦™æ¸¯
ï»¿å…­äººæ™šé¤,http://www.manmankan.com/dy2013/201504/2025.shtml,2017å¹´6æœˆ16æ—¥ ,å¤§é™†
ï»¿æé›·å’ŒéŸ©æ¢…æ¢…,http://www.manmankan.com/dy2013/201606/6579.shtml,2017å¹´6æœˆ9æ—¥ ,å–œå‰§
ï»¿è½¬å‹å›¢ä¼™,http://www.manmankan.com/dy2013/201608/7267.shtml,2017å¹´8æœˆ25æ—¥ ,é¦™æ¸¯
ï»¿å¼•çˆ†è€…,http://www.manmankan.com/dy2013/201612/8873.shtml,2017å¹´8æœˆ25æ—¥ ,å¤§é™†
ï»¿ä¾ ç›—è”ç›Ÿ,http://www.manmankan.com/dy2013/201609/7472.shtml,2017å¹´8æœˆ11æ—¥ ,çˆ±æƒ…
ï»¿å†›èˆ°å²›,http://www.manmankan.com/dy2013/201603/5121.shtml,2017å¹´7æœˆ26æ—¥ ,æˆ˜äº‰
ï»¿ç©å¶å¥‡å…µ,http://www.manmankan.com/dy2013/201705/9926.shtml,è¿˜æœ‰,å–œå‰§
ï»¿çˆ¶å­é›„å…µ,http://www.manmankan.com/dy2013/201610/8145.shtml,2017å¹´7æœˆ21æ—¥ ,å¤§é™†
ï»¿D+æ€ªåŒ»,http://www.manmankan.com/dy2013/201705/9934.shtml,2017å¹´4æœˆ18æ—¥ ,å–œå‰§
ï»¿æ˜æœˆå‡ æ—¶æœ‰,http://www.manmankan.com/dy2013/201601/4541.shtml,2017å¹´7æœˆ1æ—¥ ,å¤§é™†
ï»¿ç¾å¥½çš„æ„å¤–,http://www.manmankan.com/dy2013/201603/5353.shtml,2017å¹´6æœˆ2æ—¥ ,å–œå‰§
ï»¿æ°´æµ’å®¢æ ˆ,http://www.manmankan.com/dy2013/201706/10288.shtml,2017å¹´,å–œå‰§
ï»¿é¼ èƒ†è‹±é›„,http://www.manmankan.com/dy2013/201706/10286.shtml,2018å¹´,å¤§é™†
ï»¿éå¸¸åŒä¼™,http://www.manmankan.com/dy2013/201510/3482.shtml,2016å¹´,å–œå‰§
ï»¿é—ªå…‰å°‘å¥³,http://www.manmankan.com/dy2013/201606/6580.shtml,2017å¹´7æœˆ28æ—¥ ,é’æ˜¥
ï»¿çŒå…½å°‘å¥³é˜Ÿ,http://www.manmankan.com/dy2013/201706/10126.shtml,æ­£åœ¨çƒ­æ˜ ,å–œå‰§
ï»¿èŠ³å,http://www.manmankan.com/dy2013/201608/7380.shtml,2017å¹´10æœˆ1æ—¥ ,å¤§é™†
ï»¿å¸¸åœ¨ä½ å·¦å³,http://www.manmankan.com/dy2013/201701/9084.shtml,2017å¹´10æœˆ31æ—¥ ,åŠ¨ä½œ
ï»¿è¡å¯‡é£äº‘,http://www.manmankan.com/dy2013/201509/3184.shtml,2017å¹´5æœˆ27æ—¥ ,å¤§é™†
ï»¿æˆ‘ä»¬åœæˆ˜å§,http://www.manmankan.com/dy2013/201705/10061.shtml,2017å¹´6æœˆ16æ—¥ ,é¦™æ¸¯
ï»¿ç‹‚å…½,http://www.manmankan.com/dy2013/201603/5273.shtml,2017å¹´9æœˆ15æ—¥ ,åŠ¨ä½œ
ï»¿æˆ˜ç¥çºª(é“æœ¨çœŸä¼ è¯´),http://www.manmankan.com/dy2013/201512/4302.shtml,2017å¹´12æœˆ22æ—¥ ,ç§‘å¹»
ï»¿æˆ‘æ˜¯é©¬å¸ƒé‡Œ(çº½çº¦äººåœ¨åŒ—äº¬),http://www.manmankan.com/dy2013/201604/5697.shtml,2017å¹´8æœˆ11æ—¥ ,å‰§æƒ…
ï»¿èµ›è½¦æ€»åŠ¨å‘˜3:æé€ŸæŒ‘æˆ˜,http://www.manmankan.com/dy2013/201509/3213.shtml,2017å¹´6æœˆ16æ—¥ ,ç¾å›½
ï»¿ä¸­å›½æ¸¸è®°:é“é¢äººä¹‹è°œ,http://www.manmankan.com/dy2013/201603/5289.shtml,2016å¹´,æƒŠæ‚š
ï»¿ç–¯å²³æ’¬ä½³äºº,http://www.manmankan.com/dy2013/201607/6752.shtml,2017å¹´2æœˆ14æ—¥ ,å–œå‰§
ï»¿å¤§æ¸…æå“èµŒä»™,http://www.manmankan.com/dy2013/201706/10270.shtml,è¿˜æœ‰,å–œå‰§
ï»¿åå…«å²ç»™æˆ‘ä¸€ä¸ªå§‘å¨˜,http://www.manmankan.com/dy2013/201608/7135.shtml,2017å¹´,å¤§é™†
ï»¿è°æ˜¯çƒç‹,http://www.manmankan.com/dy2013/201609/7507.shtml,2017å¹´8æœˆ3æ—¥ ,å¤§é™†
ï»¿äº¬åŸ81å·2,http://www.manmankan.com/dy2013/201509/3125.shtml,2017å¹´7æœˆ6æ—¥ ,å¤§é™†
ï»¿æ·±å¤œé£Ÿå ‚2,http://www.manmankan.com/dy2013/201605/6071.shtml,2017å¹´7æœˆ18æ—¥ ,å–œå‰§
ï»¿äºŒæ¬¡åˆæ‹,http://www.manmankan.com/dy2013/201706/10239.shtml,2017å¹´8æœˆ25æ—¥ ,å¤§é™†
ï»¿å»ºå†›å¤§ä¸š,http://www.manmankan.com/dy2013/201512/4303.shtml,2017å¹´7æœˆ28æ—¥ ,å¤§é™†
ï»¿è¿·å¤±ZåŸ,http://www.manmankan.com/dy2013/201610/7999.shtml,2017å¹´6æœˆ2æ—¥ ,ç¾å›½
ï»¿éº»è¾£å­¦é™¢,http://www.manmankan.com/dy2013/201705/9930.shtml,2017å¹´6æœˆ9æ—¥ ,å¤§é™†
ï»¿æœ‰è¨€åœ¨ä»™,http://www.manmankan.com/dy2013/201706/10178.shtml,2018å¹´,å–œå‰§
ï»¿åä¸ƒå²çš„é›¨å­£,http://www.manmankan.com/dy2013/201605/6067.shtml,2016å¹´,å¤§é™†
ï»¿åƒåƒçš„çˆ±,http://www.manmankan.com/dy2013/201510/3605.shtml,2017å¹´5æœˆ27æ—¥ ,å–œå‰§
ï»¿æˆ‘æ˜¯ä½ å¦ˆ,http://www.manmankan.com/dy2013/201706/10162.shtml,2017å¹´,å¤§é™†
ï»¿ä¸´æ—¶æ¼”å‘˜,http://www.manmankan.com/dy2013/201506/2413.shtml,2017å¹´5æœˆ27æ—¥ ,å–œå‰§
ï»¿ç¼‰æª,http://www.manmankan.com/dy2013/201603/5164.shtml,2017å¹´6æœˆ23æ—¥ ,åŠ¨ä½œ
ï»¿å¤å¤©åä¹å²çš„è‚–åƒ,http://www.manmankan.com/dy2013/201512/4143.shtml,2017å¹´5æœˆ27æ—¥ ,çˆ±æƒ…
ï»¿é¾™ä¹‹æˆ˜,http://www.manmankan.com/dy2013/201706/10133.shtml,2017å¹´8æœˆ4æ—¥ ,å¤§é™†
ï»¿å¤§å°¾é²ˆé³—2,http://www.manmankan.com/dy2013/201601/4664.shtml,2016å¹´2æœˆ5æ—¥ ,åŠ¨ä½œ
ï»¿å¿ƒç†ç½ªç”»åƒ,http://www.manmankan.com/dy2013/201604/5775.shtml,2017å¹´8æœˆ11æ—¥ ,çŠ¯ç½ª
ï»¿æ¬¢è¿æ¥åˆ°ç†Šä»é•‡,http://www.manmankan.com/dy2013/201706/10127.shtml,2018å¹´,å–œå‰§
ï»¿è§£å¿§æ‚è´§åº—,http://www.manmankan.com/dy2013/201510/3808.shtml,2017å¹´,ä¼¦ç†
ï»¿ä»™å‰‘é—®æƒ…,http://www.manmankan.com/dy2013/201706/10121.shtml,2018å¹´,å¤§é™†
ï»¿ç¥å¥‡å¥³ä¾ 2,http://www.manmankan.com/dy2013/201706/10118.shtml,2020å¹´,åŠ¨ä½œ
ï»¿è§ä¹ çˆ±ç¥,http://www.manmankan.com/dy2013/201610/7998.shtml,2017å¹´06æœˆ,çˆ±æƒ…
ï»¿è¶…çº§ç‹çˆ·,http://www.manmankan.com/dy2013/201703/9506.shtml,2017å¹´4æœˆ2æ—¥ ,å–œå‰§
ï»¿å¸•ä¸é¡¿ç†Š2,http://www.manmankan.com/dy2013/201511/3976.shtml,2018å¹´1æœˆ12æ—¥ ,è‹±å›½
ï»¿å¿ƒç†ç½ªä¹‹åŸå¸‚ä¹‹å…‰,http://www.manmankan.com/dy2013/201606/6202.shtml,2017å¹´9æœˆ30æ—¥ ,æƒŠæ‚š
ï»¿æˆ‘ä»¬çš„å°‘å¹´æ—¶ä»£,http://www.manmankan.com/dy2013/201706/10092.shtml,2018å¹´,å¤§é™†
ï»¿ç”µå½±åç§°,ç”µå½±é“¾æ¥,ä¸Šæ˜ æ—¶é—´,ä¸Šæ˜ åœ°åŒº
å¤§æŠ¤æ³•,http://www.manmankan.com/dy2013/201704/9766.shtml,è¿˜æœ‰,å–œå‰§
ï»¿ä¸­å›½è¯ç¥|å°åº¦è¯å•†(å°åº¦è¯ç¥),http://www.manmankan.com/dy2013/201701/9048.shtml,2018å¹´,å–œå‰§
ï»¿ä¸å›ç›¸æ‹100æ¬¡,http://www.manmankan.com/dy2013/201704/9854.shtml,2017å¹´7æœˆ6æ—¥ ,æ—¥æœ¬
ï»¿é‚£ä¸€åœºå‘¼å•¸è€Œè¿‡çš„é’æ˜¥,http://www.manmankan.com/dy2013/201702/9153.shtml,2017å¹´8æœˆ25æ—¥ ,å¤§é™†
ï»¿æˆ‘ä¸åšå¤§å“¥å¥½å¤šå¹´,http://www.manmankan.com/dy2013/201706/10134.shtml,2017å¹´06æœˆ,åŠ¨ä½œ
ï»¿ä¸‰åªå°çŒª2,http://www.manmankan.com/dy2013/201704/9875.shtml,æ­£åœ¨çƒ­æ˜ ,å–œå‰§
ï»¿ç¬¬åäºŒç§’,http://www.manmankan.com/dy2013/201706/10095.shtml,2018å¹´,å¤§é™†
ï»¿æ ¡èŠ±éš”å£çš„æµå·æ«,http://www.manmankan.com/dy2013/201705/10052.shtml,2017å¹´5æœˆ31æ—¥ ,å¤§é™†
ï»¿å°æƒ…ä¹¦,http://www.manmankan.com/dy2013/201702/9187.shtml,2017å¹´5æœˆ19æ—¥ ,çˆ±æƒ…
ï»¿å½“æ€ªç‰©æ¥æ•²é—¨,http://www.manmankan.com/dy2013/201704/9768.shtml,2017å¹´5æœˆ19æ—¥ ,ç¾å›½
ï»¿æ³¡èŠ™å°å§,http://www.manmankan.com/dy2013/201609/7597.shtml,2017å¹´8æœˆ28æ—¥ ,å–œå‰§
ï»¿æ–°æœ¨ä¹ƒä¼Š,http://www.manmankan.com/dy2013/201511/4087.shtml,2017å¹´6æœˆ9æ—¥ ,åŠ¨ä½œ
ï»¿å˜å½¢é‡‘åˆš5èƒœåˆ©çš„å •è½,http://www.manmankan.com/dy2013/201507/2620.shtml,2017å¹´6æœˆ23æ—¥ ,åŠ¨ä½œ
ï»¿å˜å½¢é‡‘åˆš5æœ€åçš„éª‘å£«,http://www.manmankan.com/dy2013/201605/6035.shtml,2017å¹´6æœˆ23æ—¥ ,åŠ¨ä½œ
ï»¿åŸè°…ä»–77æ¬¡,http://www.manmankan.com/dy2013/201608/7282.shtml,2017å¹´6æœˆ23æ—¥ ,é¦™æ¸¯
ï»¿æ‘”è·¤å§çˆ¸çˆ¸,http://www.manmankan.com/dy2013/201705/10001.shtml,2017å¹´5æœˆ5æ—¥ ,å–œå‰§
ï»¿ç¥å¥‡å¥³ä¾ ,http://www.manmankan.com/dy2013/201508/2765.shtml,2017å¹´6æœˆ2æ—¥ ,ç¾å›½
ï»¿å¼‚å½¢:å¥‘çº¦,http://www.manmankan.com/dy2013/201602/4976.shtml,æ­£åœ¨çƒ­æ˜ ,æƒŠæ‚š
ï»¿ä»™çƒå¤§æˆ˜,http://www.manmankan.com/dy2013/201612/8736.shtml,2017å¹´6æœˆ30æ—¥ ,å¤§é™†
ï»¿åè½¬äººç”Ÿ,http://www.manmankan.com/dy2013/201602/4771.shtml,2017å¹´6æœˆ30æ—¥ ,å¤§é™†
ï»¿é€†æ—¶è¥æ•‘(è‡´å‘½å€’æ•°),http://www.manmankan.com/dy2013/201512/4248.shtml,2017å¹´6æœˆ30æ—¥ ,åŠ¨ä½œ
ï»¿ç»ä¸–é«˜æ‰‹,http://www.manmankan.com/dy2013/201610/8073.shtml,2017å¹´7æœˆ7æ—¥ ,å¤§é™†
ï»¿é²›ç ä¼ ,http://www.manmankan.com/dy2013/201503/1938.shtml,2017å¹´8æœˆ11æ—¥ ,çˆ±æƒ…
ï»¿ç§˜æœ,http://www.manmankan.com/dy2013/201510/3706.shtml,2017å¹´7æœˆ7æ—¥ ,çˆ±æƒ…
ï»¿æ‚Ÿç©ºä¼ ,http://www.manmankan.com/dy2013/201508/3037.shtml,2017å¹´7æœˆ13æ—¥ ,å¤§é™†
ï»¿ç»£æ˜¥åˆ€ãƒ»ä¿®ç½—æˆ˜åœº,http://www.manmankan.com/dy2013/201509/3120.shtml,2017å¹´8æœˆ11æ—¥ ,åŠ¨ä½œ
ï»¿å“†å•¦Aæ¢¦:å¤§é›„çš„å—æå†°å¤©é›ªåœ°å¤§å†’é™©,http://www.manmankan.com/dy2013/201612/8558.shtml,2017å¹´5æœˆ30æ—¥ ,æ—¥æœ¬
ï»¿æç›—è½¦ç¥,http://www.manmankan.com/dy2013/201706/10102.shtml,2017å¹´6æœˆ28æ—¥ ,åŠ¨ä½œ
ï»¿èœ˜è››ä¾ :è‹±é›„å½’æ¥,http://www.manmankan.com/dy2013/201508/2812.shtml,2017å¹´7æœˆ7æ—¥ ,ç¾å›½
ï»¿åŠ å‹’æ¯”æµ·ç›—5æ­»æ— å¯¹è¯,http://www.manmankan.com/dy2013/201504/2117.shtml,2017å¹´5æœˆ26æ—¥ ,å¥‡å¹»
ï»¿é’æ˜¥é€—(ä¸ºé’æ˜¥ç‚¹èµ|æˆ‘çš„é’æ˜¥æˆ‘ç‚¹èµ),http://www.manmankan.com/dy2013/201507/2610.shtml,2017å¹´6æœˆ23æ—¥ ,å–œå‰§
ï»¿é’æ˜¥é€—,http://www.manmankan.com/dy2013/201509/3312.shtml,2017å¹´6æœˆ23æ—¥ ,å–œå‰§
ï»¿çƒ­è¡€é«˜æ ¡ä¹‹é’ç¦¾ç”·é«˜,http://www.manmankan.com/dy2013/201605/5913.shtml,2017å¹´7æœˆ13æ—¥ ,å–œå‰§
ï»¿å†°ä¹‹ä¸‹,http://www.manmankan.com/dy2013/201509/3455.shtml,2017å¹´,å–œå‰§
ï»¿ä¸­å›½æ¨é”€å‘˜,http://www.manmankan.com/dy2013/201507/2707.shtml,2017å¹´6æœˆ16æ—¥ ,å‰§æƒ…
ï»¿æ‰¶æ‘‡çš‡å,http://www.manmankan.com/dy2013/201603/5174.shtml,2016å¹´,å¤§é™†
ï»¿å˜å½¢é‡‘åˆš5,http://www.manmankan.com/dy2013/201706/10302.shtml,2017å¹´6æœˆ23æ—¥ ,åŠ¨ä½œ
ï»¿"èŠ±æœ¨å…°,æˆ‘åœ¨çº½çº¦ç­‰ä½ ",http://www.manmankan.com/dy2013/201606/6404.shtml,2017å¹´8æœˆ25æ—¥ ,çˆ±æƒ…
ï»¿è‹±ä¼¦å¯¹å†³,http://www.manmankan.com/dy2013/201602/4956.shtml,2017å¹´9æœˆ30æ—¥ ,é¦™æ¸¯
ï»¿ç¼çº«æœºä¹é˜Ÿ,http://www.manmankan.com/dy2013/201701/8975.shtml,2017å¹´9æœˆ30æ—¥ ,å¤§é™†
ï»¿è´è¶å…¬å¢“,http://www.manmankan.com/dy2013/201509/3075.shtml,2017å¹´8æœˆ28æ—¥ ,æƒŠæ‚š
ï»¿æ›¼å“ˆé¡¿çˆ±æƒ…æ•…äº‹,http://www.manmankan.com/dy2013/201706/10298.shtml,2018å¹´,å–œå‰§
ï»¿æƒ…é‡æ›¼å“ˆé¡¿,http://www.manmankan.com/dy2013/201508/2767.shtml,2017å¹´8æœˆ25æ—¥ ,å¤§é™†
ï»¿ä¸‰ç”Ÿä¸‰ä¸–åé‡Œæ¡ƒèŠ±,http://www.manmankan.com/dy2013/201409/1453.shtml,2017å¹´8æœˆ4æ—¥ ,çˆ±æƒ…
ï»¿"52èµ«å…¹,æˆ‘çˆ±ä½ ",http://www.manmankan.com/dy2013/201706/10108.shtml,æ­£åœ¨çƒ­æ˜ ,å–œå‰§
ï»¿å¥³äººæ°¸è¿œæ˜¯å¯¹çš„,http://www.manmankan.com/dy2013/201705/10062.shtml,2017å¹´6æœˆ16æ—¥ ,é¦™æ¸¯
ï»¿å…­äººæ™šé¤,http://www.manmankan.com/dy2013/201504/2025.shtml,2017å¹´6æœˆ16æ—¥ ,å¤§é™†
ï»¿æé›·å’ŒéŸ©æ¢…æ¢…,http://www.manmankan.com/dy2013/201606/6579.shtml,2017å¹´6æœˆ9æ—¥ ,å–œå‰§
ï»¿è½¬å‹å›¢ä¼™,http://www.manmankan.com/dy2013/201608/7267.shtml,2017å¹´8æœˆ25æ—¥ ,é¦™æ¸¯
ï»¿å¼•çˆ†è€…,http://www.manmankan.com/dy2013/201612/8873.shtml,2017å¹´8æœˆ25æ—¥ ,å¤§é™†
ï»¿ä¾ ç›—è”ç›Ÿ,http://www.manmankan.com/dy2013/201609/7472.shtml,2017å¹´8æœˆ11æ—¥ ,çˆ±æƒ…
ï»¿å†›èˆ°å²›,http://www.manmankan.com/dy2013/201603/5121.shtml,2017å¹´7æœˆ26æ—¥ ,æˆ˜äº‰
ï»¿ç©å¶å¥‡å…µ,http://www.manmankan.com/dy2013/201705/9926.shtml,è¿˜æœ‰,å–œå‰§
ï»¿çˆ¶å­é›„å…µ,http://www.manmankan.com/dy2013/201610/8145.shtml,2017å¹´7æœˆ21æ—¥ ,å¤§é™†
ï»¿D+æ€ªåŒ»,http://www.manmankan.com/dy2013/201705/9934.shtml,2017å¹´4æœˆ18æ—¥ ,å–œå‰§
ï»¿æ˜æœˆå‡ æ—¶æœ‰,http://www.manmankan.com/dy2013/201601/4541.shtml,2017å¹´7æœˆ1æ—¥ ,å¤§é™†
ï»¿ç¾å¥½çš„æ„å¤–,http://www.manmankan.com/dy2013/201603/5353.shtml,2017å¹´6æœˆ2æ—¥ ,å–œå‰§
ï»¿æ°´æµ’å®¢æ ˆ,http://www.manmankan.com/dy2013/201706/10288.shtml,2017å¹´,å–œå‰§
ï»¿é¼ èƒ†è‹±é›„,http://www.manmankan.com/dy2013/201706/10286.shtml,2018å¹´,å¤§é™†
ï»¿éå¸¸åŒä¼™,http://www.manmankan.com/dy2013/201510/3482.shtml,2016å¹´,å–œå‰§
ï»¿é—ªå…‰å°‘å¥³,http://www.manmankan.com/dy2013/201606/6580.shtml,2017å¹´7æœˆ28æ—¥ ,é’æ˜¥
ï»¿çŒå…½å°‘å¥³é˜Ÿ,http://www.manmankan.com/dy2013/201706/10126.shtml,æ­£åœ¨çƒ­æ˜ ,å–œå‰§
ï»¿èŠ³å,http://www.manmankan.com/dy2013/201608/7380.shtml,2017å¹´10æœˆ1æ—¥ ,å¤§é™†
ï»¿å¸¸åœ¨ä½ å·¦å³,http://www.manmankan.com/dy2013/201701/9084.shtml,2017å¹´10æœˆ31æ—¥ ,åŠ¨ä½œ
ï»¿è¡å¯‡é£äº‘,http://www.manmankan.com/dy2013/201509/3184.shtml,2017å¹´5æœˆ27æ—¥ ,å¤§é™†
ï»¿æˆ‘ä»¬åœæˆ˜å§,http://www.manmankan.com/dy2013/201705/10061.shtml,2017å¹´6æœˆ16æ—¥ ,é¦™æ¸¯
ï»¿ç‹‚å…½,http://www.manmankan.com/dy2013/201603/5273.shtml,2017å¹´9æœˆ15æ—¥ ,åŠ¨ä½œ
ï»¿æˆ˜ç¥çºª(é“æœ¨çœŸä¼ è¯´),http://www.manmankan.com/dy2013/201512/4302.shtml,2017å¹´12æœˆ22æ—¥ ,ç§‘å¹»
ï»¿æˆ‘æ˜¯é©¬å¸ƒé‡Œ(çº½çº¦äººåœ¨åŒ—äº¬),http://www.manmankan.com/dy2013/201604/5697.shtml,2017å¹´8æœˆ11æ—¥ ,å‰§æƒ…
ï»¿èµ›è½¦æ€»åŠ¨å‘˜3:æé€ŸæŒ‘æˆ˜,http://www.manmankan.com/dy2013/201509/3213.shtml,2017å¹´6æœˆ16æ—¥ ,ç¾å›½
ï»¿ä¸­å›½æ¸¸è®°:é“é¢äººä¹‹è°œ,http://www.manmankan.com/dy2013/201603/5289.shtml,2016å¹´,æƒŠæ‚š
ï»¿ç–¯å²³æ’¬ä½³äºº,http://www.manmankan.com/dy2013/201607/6752.shtml,2017å¹´2æœˆ14æ—¥ ,å–œå‰§
ï»¿å¤§æ¸…æå“èµŒä»™,http://www.manmankan.com/dy2013/201706/10270.shtml,è¿˜æœ‰,å–œå‰§
ï»¿åå…«å²ç»™æˆ‘ä¸€ä¸ªå§‘å¨˜,http://www.manmankan.com/dy2013/201608/7135.shtml,2017å¹´,å¤§é™†
ï»¿è°æ˜¯çƒç‹,http://www.manmankan.com/dy2013/201609/7507.shtml,2017å¹´8æœˆ3æ—¥ ,å¤§é™†
ï»¿äº¬åŸ81å·2,http://www.manmankan.com/dy2013/201509/3125.shtml,2017å¹´7æœˆ6æ—¥ ,å¤§é™†
ï»¿æ·±å¤œé£Ÿå ‚2,http://www.manmankan.com/dy2013/201605/6071.shtml,2017å¹´7æœˆ18æ—¥ ,å–œå‰§
ï»¿äºŒæ¬¡åˆæ‹,http://www.manmankan.com/dy2013/201706/10239.shtml,2017å¹´8æœˆ25æ—¥ ,å¤§é™†
ï»¿å»ºå†›å¤§ä¸š,http://www.manmankan.com/dy2013/201512/4303.shtml,2017å¹´7æœˆ28æ—¥ ,å¤§é™†
ï»¿è¿·å¤±ZåŸ,http://www.manmankan.com/dy2013/201610/7999.shtml,2017å¹´6æœˆ2æ—¥ ,ç¾å›½
ï»¿éº»è¾£å­¦é™¢,http://www.manmankan.com/dy2013/201705/9930.shtml,2017å¹´6æœˆ9æ—¥ ,å¤§é™†
ï»¿æœ‰è¨€åœ¨ä»™,http://www.manmankan.com/dy2013/201706/10178.shtml,2018å¹´,å–œå‰§
ï»¿åä¸ƒå²çš„é›¨å­£,http://www.manmankan.com/dy2013/201605/6067.shtml,2016å¹´,å¤§é™†
ï»¿åƒåƒçš„çˆ±,http://www.manmankan.com/dy2013/201510/3605.shtml,2017å¹´5æœˆ27æ—¥ ,å–œå‰§
ï»¿æˆ‘æ˜¯ä½ å¦ˆ,http://www.manmankan.com/dy2013/201706/10162.shtml,2017å¹´,å¤§é™†
ï»¿ä¸´æ—¶æ¼”å‘˜,http://www.manmankan.com/dy2013/201506/2413.shtml,2017å¹´5æœˆ27æ—¥ ,å–œå‰§
ï»¿ç¼‰æª,http://www.manmankan.com/dy2013/201603/5164.shtml,2017å¹´6æœˆ23æ—¥ ,åŠ¨ä½œ
ï»¿å¤å¤©åä¹å²çš„è‚–åƒ,http://www.manmankan.com/dy2013/201512/4143.shtml,2017å¹´5æœˆ27æ—¥ ,çˆ±æƒ…
ï»¿é¾™ä¹‹æˆ˜,http://www.manmankan.com/dy2013/201706/10133.shtml,2017å¹´8æœˆ4æ—¥ ,å¤§é™†
ï»¿å¤§å°¾é²ˆé³—2,http://www.manmankan.com/dy2013/201601/4664.shtml,2016å¹´2æœˆ5æ—¥ ,åŠ¨ä½œ
ï»¿å¿ƒç†ç½ªç”»åƒ,http://www.manmankan.com/dy2013/201604/5775.shtml,2017å¹´8æœˆ11æ—¥ ,çŠ¯ç½ª
ï»¿æ¬¢è¿æ¥åˆ°ç†Šä»é•‡,http://www.manmankan.com/dy2013/201706/10127.shtml,2018å¹´,å–œå‰§
ï»¿è§£å¿§æ‚è´§åº—,http://www.manmankan.com/dy2013/201510/3808.shtml,2017å¹´,ä¼¦ç†
ï»¿ä»™å‰‘é—®æƒ…,http://www.manmankan.com/dy2013/201706/10121.shtml,2018å¹´,å¤§é™†
ï»¿ç¥å¥‡å¥³ä¾ 2,http://www.manmankan.com/dy2013/201706/10118.shtml,2020å¹´,åŠ¨ä½œ
ï»¿è§ä¹ çˆ±ç¥,http://www.manmankan.com/dy2013/201610/7998.shtml,2017å¹´06æœˆ,çˆ±æƒ…
ï»¿è¶…çº§ç‹çˆ·,http://www.manmankan.com/dy2013/201703/9506.shtml,2017å¹´4æœˆ2æ—¥ ,å–œå‰§
ï»¿å¸•ä¸é¡¿ç†Š2,http://www.manmankan.com/dy2013/201511/3976.shtml,2018å¹´1æœˆ12æ—¥ ,è‹±å›½
ï»¿å¿ƒç†ç½ªä¹‹åŸå¸‚ä¹‹å…‰,http://www.manmankan.com/dy2013/201606/6202.shtml,2017å¹´9æœˆ30æ—¥ ,æƒŠæ‚š
ï»¿æˆ‘ä»¬çš„å°‘å¹´æ—¶ä»£,http://www.manmankan.com/dy2013/201706/10092.shtml,2018å¹´,å¤§é™†
